region,title,view_num,danmu,upload_time,up_author,video_url
影视杂谈,我们的考点，是他们的一生！高燃民国历史剧《觉醒年代》P1,606.8万,5.1万,2021-04-11,木鱼水心,www.bilibili.com/video/BV1rb4y1D7Gf?from=search
影视剪辑,【觉醒年代】我拥过你拥过的晚风,325.1万,6572,2021-05-16,秦巴少年_,www.bilibili.com/video/BV1964y1C7jR?from=search
影视剪辑,【觉醒年代×欢快向】文人的欢快日常！来看点开心的！,181.1万,3506,2021-06-09,hojia_,www.bilibili.com/video/BV1B44y1679g?from=search
影视剪辑,“若盛世将倾，深渊在侧，我辈当万死以赴”觉醒年代 鲁迅｜曹磊中心向 纪念人类群星闪耀时，纪念五四,156.8万,3179,2021-05-03,吹不倒的墙头草_,www.bilibili.com/video/BV1WU4y187rF?from=search
影视剪辑,我辜鸿铭，是一个堂堂正正的中国人。｜ 觉醒年代,239.3万,3238,2021-06-16,一未言青,www.bilibili.com/video/BV1mg411g7Z2?from=search
影视剪辑,“希望我们的创作，可以让觉醒年代四个字深入人心”,137.3万,3819,2021-06-19,Double邓,www.bilibili.com/video/BV1Py4y1g7Zi?from=search
影视剪辑,【陈延年陈乔年|觉醒年代】 请笃信一个梦,79.0万,1858,2021-05-24,晚巷山,www.bilibili.com/video/BV1xf4y1h7BQ?from=search
影视剪辑,觉醒年代丨姜云升 || 你一定能够成为你想要去成为的人丨台词向双声道群像混剪,42.0万,2716,2021-06-22,syheechul,www.bilibili.com/video/BV1Hb4y1C7LS?from=search
影视剪辑,【觉醒年代|欢乐向】用家有儿女的方式打开觉醒年代,12.2万,574,2021-07-05,小炮爱吐槽,www.bilibili.com/video/BV1Ko4y1X7ny?from=search
影视剪辑,【觉醒年代】台词向超燃催泪混剪 | 我们自己的国家，我们不爱，谁爱,108.9万,564,2021-05-27,蓝小小独,www.bilibili.com/video/BV18K4y1R7j8?from=search
影视杂谈,9.3分爆燃神剧《觉醒年代》，核能催泪片段原来这么拍的,146.5万,8353,2021-05-01,排雷小分队,www.bilibili.com/video/BV1zA411V7Aw?from=search
影视剪辑,【觉醒年代＆少年中国说】陈 氏 满 门 忠 烈 啊 ! ! !,231.3万,3834,2021-04-10,慕容锦枫,www.bilibili.com/video/BV1KV411H78A?from=search
影视剪辑,【欢快搞笑向】觉醒年代喊你来背诗|全员杀疯了,34.0万,594,2021-06-20,灰昼_,www.bilibili.com/video/BV1Mw411f7oN?from=search
人文历史,【觉醒年代】里面一定有你听过的名字，也有你懂的故事。,176.4万,4477,2021-07-03,次元复写纸,www.bilibili.com/video/BV1Zy4y1M7sK?from=search
影视剪辑,【觉醒年代|陈独秀×陈延年×陈乔年】“父慈子孝”名场面,5.3万,137,2021-07-12,凹run汁是橙子,www.bilibili.com/video/BV1iX4y1w7K7?from=search
影视剪辑,泪目混剪|超强声音联盟致敬革命先辈，二度演绎《觉醒年代》,5.2万,229,2021-07-03,新华网,www.bilibili.com/video/BV1Zb4y1C7Y8?from=search
影视剪辑,【觉醒年代】留法四人组yyds,18.4万,95,2021-06-11,燕燕的小仓库,www.bilibili.com/video/BV18K4y137fr?from=search
影视剪辑,“遍地哀鸿满城血，无非一念救苍生”【觉醒年代群像| 燃虐| 双声道台词向】,89.8万,2707,2021-07-01,春风拾纸鸢,www.bilibili.com/video/BV1S64y1976z?from=search
影视剪辑,【觉醒年代】可爱向|这部剧的每个角色都越看越可爱啊！！,113.5万,1243,2021-05-28,最爱俊俊小天使,www.bilibili.com/video/BV1YK4y1R7WX?from=search
人文历史,公知现形，富豪被嘲，觉醒年代封神，年轻人为啥越来越战狼？,168.1万,2.8万,2021-07-02,不良博士,www.bilibili.com/video/BV1bq4y1s7V5?from=search
人文历史,【觉醒年代】里面一定有你听过的名字，也有你懂的故事。,176.4万,4477,2021-07-03,次元复写纸,www.bilibili.com/video/BV1Zy4y1M7sK?from=search
影视剪辑,【觉醒年代】卧槽！北大校花！原谅我之前对刘师培的美貌一无所知,27.0万,204,2021-05-09,是璐璐欧尼啊,www.bilibili.com/video/BV1Bb4y1f7vC?from=search
影视剪辑,【觉醒年代群像】唢呐一响，不是大喜就是大悲,30.0万,406,2021-06-04,是璐璐欧尼啊,www.bilibili.com/video/BV14q4y1j7Hd?from=search
社科·法律·心理,《觉醒年代》的选角有多绝？,320.8万,5836,2021-05-14,观察者网,www.bilibili.com/video/BV1664y127Gr?from=search
人文历史,公知现形，富豪被嘲，觉醒年代封神，年轻人为啥越来越战狼？,168.1万,2.8万,2021-07-02,不良博士,www.bilibili.com/video/BV1bq4y1s7V5?from=search
影视剪辑,【觉醒年代|欢乐向】论花生瓜子在民国时期的重要性|民国时期革命大佬们的轻松日常【失恋阵线联盟】,85.4万,614,2021-05-19,棉袄君TmT,www.bilibili.com/video/BV1xy4y1W78u?from=search
影视剪辑,【觉醒年代】凶惨的敌人为了折磨他，竟然绞了他三次，历时28分钟,101.7万,1240,2021-06-07,再难也不放弃希望i,www.bilibili.com/video/BV1jo4y127px?from=search
影视剪辑,【觉醒年代】“我愿意 奋斗终身！”,170.3万,6320,2021-03-20,小冯同学今天开心了吗,www.bilibili.com/video/BV1Dh411Q7wU?from=search
影视剪辑,【觉醒年代|群像】民国文人大佬的轻松日常,195.1万,4665,2021-03-12,剪刀手艾德琪,www.bilibili.com/video/BV1wp4y1h7oJ?from=search
搞笑,【觉醒年代版Q宝】内置北大男团语音包，一款真正人性化的智能语音,18.7万,1838,2021-05-09,雨打梨花深闭門,www.bilibili.com/video/BV1Bf4y1a7wV?from=search
影视剪辑,他看见觉醒年代的后续了“先生，他们爱我”,84.3万,787,2021-06-05,Double邓,www.bilibili.com/video/BV1Hw411Z7Jg?from=search
影视剪辑,觉醒年代，他从风雨中走来……,195.4万,6404,2021-03-30,共青团中央,www.bilibili.com/video/BV1uy4y1b78d?from=search
影视剪辑,【觉醒年代】欢乐向丨大笑江湖丨觉醒年代快乐图鉴,54.1万,802,2021-06-03,一只小幻熊,www.bilibili.com/video/BV1A54y157fm?from=search
影视杂谈,【觉醒年代】20210611《觉醒年代》主演（青年组）做客新华网#新华有新说#直播间 畅谈《觉醒年代》背后的故事（竖屏720P）,9.7万,2195,2021-06-11,且将新火试新茶1219,www.bilibili.com/video/BV1Jh411a7TN?from=search
影视杂谈,木鱼水心X《觉醒年代》主创：终于等到你！独家披露创作细节,206.4万,3.4万,2021-06-10,木鱼水心,www.bilibili.com/video/BV1qV41147tu?from=search
影视剪辑,【觉醒年代｜欢乐向】-仲甫先生一家的欢（hu）乐（dui）日常,28.8万,582,2021-06-18,浮尘微刃,www.bilibili.com/video/BV1th411a7sd?from=search
影视剪辑,《觉醒年代》|“咱们认识一下吧”,5.7万,107,2021-06-30,快看是皮卡丘,www.bilibili.com/video/BV1164y1Q7HV?from=search
影视剪辑,【觉醒年代 |世炎】可惜在学生时代再也没有出现过这样一位学长！！,18.6万,240,2021-05-26,崔金李,www.bilibili.com/video/BV1bK4y1R7Zm?from=search
影视剪辑,【觉醒年代】北大暴躁三人组,88.0万,425,2021-05-24,影与抛光者,www.bilibili.com/video/BV1vU4y1L7Gr?from=search
影视剪辑,【觉醒年代 | 陈独秀个人向 | 于和伟】“他最后也倒在了黎明前”,17.6万,441,2021-06-14,Pricetone,www.bilibili.com/video/BV1fy4y1u7ew?from=search
影视剪辑,【觉醒年代】后来啊，安徽合肥有了一条延乔路，延乔路的尽头叫繁华大道。,157.6万,2410,2021-03-31,深眸眼绿484,www.bilibili.com/video/BV1af4y1W7UV?from=search
影视剪辑,【觉醒年代】建议每日一遍防止抑郁｜《我是演员》北大分会场｜绝A赵世炎在线凶延年｜未成年乔年弟弟展现懵懂演技｜史上最怂预言家张丰载｜江湖海威凶狠孟雄,57.2万,1228,2021-04-13,一颗鲤,www.bilibili.com/video/BV1gK4y1o7hT?from=search
影视剪辑,《觉醒年代》欢乐向 名场面：暴躁钱爷——给爷坐[季刚又双叒叕生气了][保护伞][弱小无助刘申叔],19.7万,97,2021-06-15,过年了都在家忙着,www.bilibili.com/video/BV1wb4y1o7b5?from=search
影视剪辑,【觉醒年代】“要为真理而斗争”,54.5万,836,2021-03-21,清眸含鹿,www.bilibili.com/video/BV1ey4y14785?from=search
影视剪辑,【觉醒年代x小欢喜|青年群像】“少年的肩上不仅有清风朗月”,148.7万,2503,2021-06-23,脆桃胡诌,www.bilibili.com/video/BV1cv411H7AM?from=search
影视剪辑,【觉醒年代/鲁迅/钱玄同】最佳损友,23.6万,135,2021-06-20,禹羽渔,www.bilibili.com/video/BV1Nb4y1o76Z?from=search
校园学习,把《觉醒年代》里超燃台词，写进作文很加分,34.0万,38,2021-06-14,严冬硬笔手写,www.bilibili.com/video/BV1Qh411a7yN?from=search
影视剪辑,【觉醒年代丨欢乐向】今日份快乐请查收,7.5万,211,2021-06-18,二创君,www.bilibili.com/video/BV1C54y1G7wr?from=search
鬼畜调教,【觉醒年代】误入夸夸群的豫才先生,57.6万,386,2021-05-16,欧文丽贝卡,www.bilibili.com/video/BV1v64y1C749?from=search
预告 资讯,【青春】《觉醒年代》的新青年们组团演唱李大钊《青春》,21.9万,542,2021-06-26,光线电影官方,www.bilibili.com/video/BV1u64y197t6?from=search
短片·手书·配音,【描改/手书】觉醒年代的扫除时间,29.9万,889,2021-06-20,LE1997,www.bilibili.com/video/BV1pq4y1L7NU?from=search
影视杂谈,牛年第一炸！来感受100年前中国的热血青年！疯狂安利《觉醒年代》,86.3万,5485,2021-02-12,轩邈Elias,www.bilibili.com/video/BV15N411d75M?from=search
预告 资讯,【1080P】历史大剧《觉醒年代》幕后花絮纪录片,65.2万,2.1万,2021-02-15,别关注我阿,www.bilibili.com/video/BV1fi4y1K7ek?from=search
短片,《觉醒年代》本是比翼双飞鸟，奈何天地有余悲。,15.0万,193,2021-06-04,剪辑的双鱼儿,www.bilibili.com/video/BV11f4y1b7MP?from=search
影视剪辑,【陈延年台词向|觉醒年代】血水里开出的花，凋零在最美好的年纪，定格在盛放的瞬间,97.4万,884,2021-04-03,柚子柚子__,www.bilibili.com/video/BV1gK4y1K74R?from=search
热点,【觉醒年代】 中 华 儿 女 醒 着 呢,28.6万,283,2021-05-13,新青年,www.bilibili.com/video/BV1E5411u7m8?from=search
影视剪辑,【觉醒年代｜高燃群像】“民国的浪漫属于撕破黑暗的革命者”｜请一定要看到第35秒,13.7万,409,2021-06-19,小满日和u,www.bilibili.com/video/BV1eM4y1u7Tx?from=search
综合,【觉醒年代】爆哭完结！这个梗很多人都没发现……,117.6万,1916,2021-04-10,央视频,www.bilibili.com/video/BV18Z4y1c71R?from=search
影视剪辑,【觉醒年代|欢乐向】热爱105度的你,59.8万,598,2021-06-13,luna1re,www.bilibili.com/video/BV1pK4y137Jp?from=search
明星,【觉醒年代｜鲁迅】热爱105°C的你｜一颗小甜豆迅哥儿,15.8万,316,2021-06-17,豆香淑,www.bilibili.com/video/BV1Zb4y1d7xi?from=search
影视剪辑,【陈乔年可爱图鉴|觉醒年代】“同志，你饿吗？”,96.6万,824,2021-05-26,晚巷山,www.bilibili.com/video/BV11o4y117FD?from=search
影视剪辑,【觉醒年代|欢乐向】金曲串烧大赏,13.5万,831,2021-06-06,心凉是薄荷,www.bilibili.com/video/BV1cK4y1376a?from=search
影视剪辑,【觉醒年代】“一 个 个 都 小 嘴 抹 了 蜜”,18.0万,161,2021-06-20,最爱俊俊小天使,www.bilibili.com/video/BV1Qg411g7gW?from=search
影视剪辑,【觉醒年代】延年乔年和弟弟妹妹的相处日常~,10.3万,27,2021-07-06,甜橙er啦啦啦,www.bilibili.com/video/BV1h64y147Qg?from=search
影视剪辑,【觉醒年代｜中国外交】“从弱国无外交到外交天团”,64.4万,1889,2021-05-07,妍菊yj,www.bilibili.com/video/BV1nv411j7wz?from=search
影视剪辑,【觉醒年代青年组】剪着剪着我就哭了 | 陈延年•陈乔年•赵世炎•邓中夏,15.3万,82,2021-05-27,-不恰柠檬-,www.bilibili.com/video/BV1254y1V7fD?from=search
影视剪辑,【觉醒年代】哥，我终于追上你了，我想你了,11.7万,122,2021-07-07,小脆皮和小饼干,www.bilibili.com/video/BV1zf4y1L7oC?from=search
影视剪辑,【觉醒年代｜群像】如果声音不记得｜我有万语千言，藏在颤抖的字里行间,28.3万,425,2021-06-01,山川隐曜,www.bilibili.com/video/BV1GU4y1j7zQ?from=search
热点,《觉醒年代》最“刀”的一段！撒贝宁看完猛男泪目,125.3万,2175,2021-05-30,央视网快看,www.bilibili.com/video/BV1gA41137LN?from=search
影视剪辑,当我看觉醒年代时都在想什么｜华语金曲系列,2.2万,193,2021-07-11,白十五Jr,www.bilibili.com/video/BV1y44y1q7c1?from=search
影视剪辑,【觉醒年代】“我的父亲陈独秀先生，他配得上吃这道菜”,63.2万,25,2021-05-29,Mary不在家,www.bilibili.com/video/BV1tf4y1h75k?from=search
影视杂谈,导演夹带“私货”，音乐编辑气到大哭，觉醒年代其实你并不了解,75.0万,161,2021-07-10,幕春秋,www.bilibili.com/video/BV1LX4y1w7Nk?from=search
影视剪辑,【觉醒年代/群像】一把二胡拉一生 /送君千里 终须一别,102.0万,1647,2021-06-27,十斤鸦,www.bilibili.com/video/BV1xb4y1C7fh?from=search
影视剪辑,【觉醒年代||刘师培】红马/他的清雅逸态，好仙儿~,5.3万,64,2021-06-26,lvseshalou,www.bilibili.com/video/BV1p44y1z7Ak?from=search
影视剪辑,【觉醒年代/搞笑】连伟人都不能拒绝中华美食 还有谁能拒绝呢？,59.9万,888,2021-06-12,陆贰拾伍,www.bilibili.com/video/BV1rw411Z7uG?from=search
影视剪辑,【觉醒年代】“君子永远是君子”,13.3万,211,2021-07-12,北暖真不是姐姐,www.bilibili.com/video/BV1v44y1q7nK?from=search
影视剪辑,全世界最好的哥哥，最乖的弟弟！！！【觉醒年代】【陈延年/陈乔年】【张晚意/马启越】,33.3万,166,2021-06-18,点点好运来,www.bilibili.com/video/BV1864y1r7PT?from=search
影视杂谈,觉醒年代细节 看到网上有许多人看不懂这段，特意整理了一下！,83.6万,133,2021-06-30,保温杯里记得泡枸杞吖,www.bilibili.com/video/BV1Gg411u7cn?from=search
影视杂谈,鲁迅出场！重现课文名场面！高燃民国历史剧《觉醒年代》P3,363.1万,3.3万,2021-04-17,木鱼水心,www.bilibili.com/video/BV1Gh411S7Pw?from=search
影视杂谈,泪目！网友撰写《觉醒年代》暖心续集！,4.8万,27,2021-07-08,央视频,www.bilibili.com/video/BV1YV411W7S8?from=search
短片·手书·配音,【觉醒年代手书】“我可以献身”,5.8万,204,2021-07-10,不叫落xx叫落爻,www.bilibili.com/video/BV1Qb4y1r7Tw?from=search
影视剪辑,【觉醒年代 | 青年学生群像 | 微踩点】让酒,52.9万,897,2021-04-01,-XGCT-,www.bilibili.com/video/BV1cZ4y1c7F6?from=search
影视剪辑,【重传·觉醒年代】“他们来了，从此换了人间”,19.1万,608,2021-04-25,枕春韶,www.bilibili.com/video/BV14U4y187mY?from=search
影视杂谈,湿衣服穿10小时，冬天穿单衣冻到发烧，觉醒年代剧组有多拼？,146.8万,1391,2021-07-02,幕春秋,www.bilibili.com/video/BV1hq4y1s75f?from=search
热点,央视专访《觉醒年代》主创：豆瓣评分9.3的“神剧”是如何炼成的？,132.1万,1.8万,2021-05-03,央视网快看,www.bilibili.com/video/BV1yv411j7gE?from=search
人文历史,【觉醒年代】陈独秀，你值得这样的关注量！！！【数据可视化：《觉醒年代》的播放吸引了你对哪些人物的关注？】,25.1万,3216,2021-06-22,你方唱罢我登场场场场,www.bilibili.com/video/BV1uX4y1P7tZ?from=search
影视剪辑,【觉醒年代|热爱105℃的你】卧槽！这样的北大男团你们见过吗,14.0万,441,2021-06-26,是璐璐欧尼啊,www.bilibili.com/video/BV1yV411s7dZ?from=search
预告 资讯,神剧是如何打造的？《觉醒年代》全员细节控！,35.9万,291,2021-05-10,央视频,www.bilibili.com/video/BV1Gh411v7PX?from=search
影视剪辑,【觉醒年代】虽千万人，吾往矣,66.1万,834,2021-05-07,是璐璐欧尼啊,www.bilibili.com/video/BV1dh411m7Pu?from=search
明星,觉醒年代，陈延年陈乔年壮烈赴死花絮,46.9万,346,2021-05-21,青蛙嘎咕咕咕,www.bilibili.com/video/BV1dB4y1F7DU?from=search
影视杂谈,全网爆哭！延乔路的尽头，是繁华大道！9.3高燃民国历史剧《觉醒年代》P11,365.3万,4.1万,2021-05-13,木鱼水心,www.bilibili.com/video/BV1yy4y1p71t?from=search
明星,【花絮】觉醒年代人物特辑，封新天饰张丰载。提升自己最好的方式就是学，在现场，努力、使劲学！,29.3万,669,2021-05-20,青蛙嘎咕咕咕,www.bilibili.com/video/BV1f54y1G7uf?from=search
影视剪辑,【觉醒年代】为工友挡雨这一幕只有短短一个画面但震撼我好久，每天都感叹,43.6万,77,2021-06-09,这里的春天没有你,www.bilibili.com/video/BV1q54y1G7K3?from=search
影视剪辑,觉醒年代||全员欢乐向•时代在召唤 看点儿开心点( ˙˘˙ ),32.8万,1760,2021-05-29,粟欢超爱塞壬小甜心,www.bilibili.com/video/BV1C54y1V7yn?from=search
影视剪辑,【觉醒年代】穷开心 I 前方名场面 I 民国革命时期文豪们的欢乐瞬间,8.8万,30,2021-06-12,尼古拉斯坂田,www.bilibili.com/video/BV1SB4y1T7Jb?from=search
影视杂谈,【巴蒂】幸亏《觉醒年代》其他人演技爆表，否则加戏咖就把这个剧毁了,114.6万,4943,2021-07-05,No-巴蒂,www.bilibili.com/video/BV1PM4y1M7B4?from=search
影视剪辑,《觉醒年代》的选角跟《1921》对比！,117.4万,3393,2021-05-15,东海蛎子头,www.bilibili.com/video/BV1Ah411v7DJ?from=search
明星,我真的要再说一遍觉醒年代yyds啊！不管是正片还是花絮真的都是溢出屏幕的认真和敬业,8.3万,27,2021-07-01,青蛙嘎咕咕咕,www.bilibili.com/video/BV1Eb4y1y7Xo?from=search
影视杂谈,【巴蒂-觉醒年代①】看完这视频只记得“脱裤子”？那也没什么不好的！,4.1万,116,2021-07-11,No-巴蒂,www.bilibili.com/video/BV1Zw411R7yt?from=search
影视剪辑,【觉醒年代|干饭人鲁迅】先生也太可爱了！,50.5万,119,2021-06-13,丨一枚俗人丨,www.bilibili.com/video/BV1b54y1G7NX?from=search
明星,《觉醒年代》于和伟片场炒花生，确实糊了（三）,37.7万,533,2021-06-08,慕色梦境,www.bilibili.com/video/BV1Fw411f7ue?from=search
影视剪辑,【觉醒年代】或许是延年选中了他,36.8万,19,2021-06-03,今天来帅哥了吗,www.bilibili.com/video/BV1c54y157nC?from=search
影视剪辑,【觉醒年代】他从风雨中逆向走来 一眼便看到了百姓的疾苦,98.0万,72,2021-06-09,这里的春天没有你,www.bilibili.com/video/BV1nq4y177UE?from=search
影视剪辑,【觉醒年代X现实群像】他们看到一百年后的中国了吗？,4.8万,69,2021-06-27,追星的颓废青年,www.bilibili.com/video/BV1cV411x72J?from=search
人文历史,觉醒年代中那个可爱敢恨的钱玄同，伟大的文学家、思想家，其子也是震古烁今的国士无双，中国核弹之父钱三强,8.5万,96,2021-07-09,宇智波金木水火土,www.bilibili.com/video/BV1kf4y1L7HL?from=search
影视剪辑,《觉醒年代》太少！《1921》太多！,65.0万,590,2021-05-15,小冯同学今天开心了吗,www.bilibili.com/video/BV1d44y167cG?from=search
影视剪辑,觉醒年代到底删了多少我不知道的情节？！,8.3万,11,2021-07-08,_云起,www.bilibili.com/video/BV1fV411W7pz?from=search
影视剪辑,【台词向|觉醒年代女性群像】HERSTORY,28.0万,459,2021-04-03,卡卡卡卡卡卡佳,www.bilibili.com/video/BV1xX4y1g7tW?from=search
影视杂谈,海有戏：令人寒心！《觉醒年代》都赔本，什么电视剧才能赚钱？,97.6万,4167,2021-06-17,汪海林,www.bilibili.com/video/BV1cM4y1u761?from=search
影视剪辑,【觉醒年代丨赵世炎/林俊毅个人】 借我 || 他总是穿着黑色中山装 目光坚定站在人群中央,17.8万,169,2021-05-15,iamWednesday,www.bilibili.com/video/BV1NK4y1o7UH?from=search
影视剪辑,【水龙吟|超燃踩点群像】虽千万人，吾往矣！||觉醒年代，我的超人！,9.3万,316,2021-06-15,南至星回,www.bilibili.com/video/BV1ny4y1g7Nv?from=search
影视剪辑,又乖又奶的乔年，乔年的小奶音太可爱了！！！【觉醒年代】陈乔年&马启越,39.3万,245,2021-06-14,点点好运来,www.bilibili.com/video/BV1dh411a7V8?from=search
日常,台湾人怎么看新中国觉醒年代追光少年，祖国何成就令他们骄傲自豪,2.6万,117,2021-07-08,台湾大叔在囧途,www.bilibili.com/video/BV11X4y1w7Sj?from=search
翻唱,觉醒年代版《雾里》“我们不干，谁干。”,19.8万,225,2021-07-01,拯救世界的狗子,www.bilibili.com/video/BV1HU4y1V7BX?from=search
影视剪辑,【觉醒年代】迅哥儿辞职也很霸气！不幹了！,28.6万,170,2021-05-21,金兰小富贵儿,www.bilibili.com/video/BV1h5411u7N5?from=search
影视剪辑,【觉醒年代|李大钊×赵纫兰】在以与原配离婚为新思想追求的年代，李大钊先生是个例外,86.3万,955,2021-06-13,晓晓固不免,www.bilibili.com/video/BV1pv411p7UX?from=search
社科·法律·心理,《觉醒年代》专场互动：相隔百年 两代90后、00后的对望,22.6万,1591,2021-05-14,观学院官方,www.bilibili.com/video/BV1X541137Zs?from=search
预告 资讯,于和伟谈自己出演《觉醒年代》时，情到深处总忍不住哭出来,16.2万,36,2021-07-02,田间の雏子,www.bilibili.com/video/BV1C64y1b7PM?from=search
社会,经典再现！觉醒年代重现舞台 全场共唱《国际歌》,132.4万,6484,2021-07-01,央视新闻,www.bilibili.com/video/BV1Kb4y1y7XH?from=search
影视剪辑,【觉醒年代&陈独秀个人台词向】没有人会不喜欢觉醒年代里的仲甫先生，于和伟老师的台词太好了,9.4万,181,2021-06-05,珺墨良钰,www.bilibili.com/video/BV1g64y1C77Q?from=search
影视剪辑,【觉醒年代】全员欢乐向 | 快来笑！,8.8万,129,2021-06-23,pursue_19,www.bilibili.com/video/BV1CU4y1G7C2?from=search
影视剪辑,觉醒年代｜乔年这孩子，打小就会说话。,38.2万,426,2021-05-24,仲夏星河梦fairy,www.bilibili.com/video/BV1wA41137P4?from=search
鬼畜剧场,【觉醒年代|刘师培】病秧子宝：内置北大校花语音,4.3万,218,2021-06-28,Lumina_Puth,www.bilibili.com/video/BV1oV411s7G4?from=search
明星,觉醒年代于和伟采访小合集，我们的考点是他们的一生啊,4.6万,41,2021-07-07,肆年九月蓝,www.bilibili.com/video/BV1Wf4y1L7EY?from=search
影视杂谈,觉醒年代  傅斯年  骨头最硬的民国大师,7.4万,27,2021-07-12,啦啦啦的能量,www.bilibili.com/video/BV1Bb4y1k75n?from=search
影视剪辑,【觉醒年代｜少年欢乐向】一笑悬命·谁还不是个小可爱啦,69.9万,1534,2021-04-30,半糖加半奶,www.bilibili.com/video/BV1LZ4y1F7yY?from=search
影视杂谈,五四运动全面爆发！中国人不会忘记这一天！9.3高燃民国历史剧《觉醒年代》P9,266.4万,3.2万,2021-05-04,木鱼水心,www.bilibili.com/video/BV1Sh411m7BH?from=search
明星,晁然被安利觉醒年代，迷惑发言只因先辈奋斗剧情：听起来就不好看,20.8万,68,2021-05-31,抓马视频,www.bilibili.com/video/BV1vh411Y75Q?from=search
预告 资讯,《山海情》《觉醒年代》《大江大河2》…这入围名单简直了！,80.1万,3905,2021-05-21,观察者网,www.bilibili.com/video/BV1BK4y197z6?from=search
影视剪辑,从无人问津的龙套，到拍戏时被导演嘲讽，现逆袭飞天视帝！他是觉醒年代的李大钊！是亮剑的魏和尚,91.3万,267,2021-06-29,轮胎在欢叫,www.bilibili.com/video/BV1c64y1b7WB?from=search
人文历史,那些可以写入作文的经典台词丨觉醒年代丨第五十五期,7.1万,44,2021-06-20,淋雨の伞,www.bilibili.com/video/BV1N5411T78Z?from=search
影视剪辑,【觉醒年代】牙医：不能再吃糖了。迅哥儿：不能吃糖我治牙干嘛？蔡公：不准吃糖！迅哥儿：我听蔡公的,40.3万,13,2021-06-06,今天来帅哥了吗,www.bilibili.com/video/BV1yv411V7wb?from=search
原创音乐,【献礼建党百年】九州同【国风歌曲X觉醒年代】,18.6万,293,2021-07-01,安徽共青团,www.bilibili.com/video/BV13b4y1y73Z?from=search
影视剪辑,【觉醒年代】辜鸿铭，刘师培，黄侃“高燃”，“我绝对不会出卖我的学生”“你们这些宵小之徒，其心可诛”“做人不可如此无耻”！,27.3万,1306,2021-05-10,关耳俏,www.bilibili.com/video/BV1z64y1C72C?from=search
绘画,觉醒年代_可爱的鲁迅🎬临摹原创：LOFTER变成狼的猫太太！,4.3万,13,2021-07-08,雯君来啦,www.bilibili.com/video/BV1H64y147TG?from=search
影视剪辑,【起风了】百万填词，影视混剪《觉醒年代》《长征》《建党伟业》《建国大业》《开国大典》,24.4万,488,2021-06-21,不应该是这样,www.bilibili.com/video/BV1Fv411H7hB?from=search
热点,【觉醒年代】震耳发聩的演讲,22.0万,1069,2021-04-13,小央视频,www.bilibili.com/video/BV13B4y1A73B?from=search
影视剪辑,【觉醒年代 | 陈独秀| 于和伟】据说真的有神，是一个孤家寡人。,3.2万,44,2021-06-26,灯灯灯开灯,www.bilibili.com/video/BV1Kb4y1C7vW?from=search
综艺,白玉兰颁奖典礼：最佳男主角《觉醒年代》于和伟,44.9万,2196,2021-06-11,开心九姨太,www.bilibili.com/video/BV1N5411u76m?from=search
日常,当我看到觉醒年代,42.2万,206,2021-06-01,伯爵狗,www.bilibili.com/video/BV1qU4y1V7xS?from=search
日常,觉醒年代后烈士陵园年轻人翻倍 有人送来神舟十二号照片告慰先烈,10.7万,97,2021-06-23,白鹿视频,www.bilibili.com/video/BV1Ao4y1C7Bn?from=search
人文历史,台大教授苑举正：我感触最深的大陆电视剧是《白鹿原》，看完《觉醒年代》后觉得实在太好看了,20.6万,807,2021-06-25,i旗米拉,www.bilibili.com/video/BV1jg41137oo?from=search
人文历史,【苑举正】《觉醒年代》和“我的觉醒”,56.3万,5615,2021-06-26,苑举正,www.bilibili.com/video/BV1qo4y1k7Xn?from=search
影视剪辑,【觉醒年代 | 陈延年 陈乔年 | 张晚意 马启越】少年自有少年狂 身似河山挺脊梁 | 他们披荆斩棘走出来的路 我们怎敢忘记,47.6万,704,2021-03-31,话痨鬼不是鬼,www.bilibili.com/video/BV1UU4y1a7Zw?from=search
社科·法律·心理,觉醒年代：那些倒在黎明前夜的新青年们,8.7万,947,2021-06-19,飞鱼君呐,www.bilibili.com/video/BV1jK4y197gm?from=search
影视剪辑,【觉醒年代｜鲁迅】先生，如今的社会是您所向往的了,99.3万,5980,2021-06-07,是rain呀,www.bilibili.com/video/BV1Eo4y127wS?from=search
影视剪辑,【双声道】【觉醒年代—鲁迅/曹磊】他不可能躲进小楼，不问春秋,91.3万,2056,2021-03-11,半米高,www.bilibili.com/video/BV1aU4y1p7n3?from=search
影视剪辑,关门！放群姐！哈哈哈哈【觉醒年代 】,16.6万,2,2021-06-18,每人一条小鱼干,www.bilibili.com/video/BV1Wy4y1g7k8?from=search
影视剪辑,[觉醒年代] 蔡公唯粉头头辜鸿铭,33.8万,447,2021-05-25,爱剥柚子皮的熊猫,www.bilibili.com/video/BV1M54y1V7UM?from=search
短片·手书·配音,「觉醒年代手书」周树人先生来啦哦！,1.3万,34,2021-07-11,野生钛白,www.bilibili.com/video/BV1MB4y1N7Sc?from=search
影视剪辑,【觉醒年代】陈乔年带头抗议陈独秀 陈鹤年大喊老头子封建,4.0万,108,2021-07-05,绍兴小贵宁,www.bilibili.com/video/BV1kM4y1T7m9?from=search
影视剪辑,觉醒年代鲁迅：先生的大型社恐现场，仿佛看到了我本人！,29.2万,47,2021-07-07,能说会道的丫头片子,www.bilibili.com/video/BV19K4y1M7BB?from=search
影视剪辑,【觉醒年代|赵世炎】“而我独缺 你一生的了解”,23.1万,365,2021-05-15,小冯同学今天开心了吗,www.bilibili.com/video/BV1eV411E7sK?from=search
影视剪辑,盘点觉醒年代小细节，人物的谢幕， 真的越看越有味道啊！,9.0万,23,2021-07-06,保温杯里记得泡枸杞吖,www.bilibili.com/video/BV1TB4y1N7GW?from=search
影视杂谈,我为什么推荐大家要看《觉醒年代》,36.1万,262,2021-05-01,小饭中年事件簿,www.bilibili.com/video/BV1CQ4y1Z7XP?from=search
影视剪辑,【觉醒年代x我们的法兰西岁月】留法组四人中 三人生命定格在二十多岁,12.8万,65,2021-06-12,追星的颓废青年,www.bilibili.com/video/BV13K4y19719?from=search
热点,yyds！《觉醒年代》押中多地高考作文题.....,109.6万,700,2021-06-07,川观新闻,www.bilibili.com/video/BV1j64y1R7na?from=search
影视剪辑,卧槽！你永远可以相信觉醒年代yyds！恭喜白玉兰三大奖项实至名归,25.0万,798,2021-06-11,是璐璐欧尼啊,www.bilibili.com/video/BV12g411G7MU?from=search
预告 资讯,觉 醒 年 代 的 选 角,13.8万,79,2021-05-16,央视频,www.bilibili.com/video/BV1Bv41157ae?from=search
影视剪辑,【觉醒年代｜鲁迅中心向】“此后如竟没有炬火，我便是唯一的光” 『双声道』,20.8万,203,2021-05-15,追星红娘张肆月,www.bilibili.com/video/BV1EU4y1t7y2?from=search
影视剪辑,我是最后一个知道 刘半农是陈延年的吗？？？【我们的法兰西岁月/觉醒年代混剪】,24.1万,185,2021-06-05,追星的颓废青年,www.bilibili.com/video/BV1mv411V7Wb?from=search
预告 资讯,《觉醒年代》特殊演员出场,37.2万,281,2021-04-08,北京卫视大戏看北京,www.bilibili.com/video/BV1CK4y1K7h8?from=search
影视剪辑,【欢乐向】觉醒年代拯救华语乐坛,16.1万,666,2021-05-05,禹羽渔,www.bilibili.com/video/BV1ob4y1Z7gW?from=search
影视剪辑,【觉醒年代｜欢乐向】大家一起开心点，众乐乐。,9.3万,178,2021-06-17,檬米咿,www.bilibili.com/video/BV15q4y1L7sA?from=search
影视剪辑,【觉醒年代】如果我因为这三两声就哭哭啼啼闻之落泪，那我就不是你当初要寻找的那个高君曼！,94.5万,67,2021-06-14,吃着泡面看歌剧,www.bilibili.com/video/BV1HV411s7UM?from=search
影视剪辑,【觉醒年代|群像】自己按门铃自己听,8.8万,217,2021-06-01,童喵喵南瓜粥,www.bilibili.com/video/BV1Kh411e7FB?from=search
影视剪辑,【觉醒年代】陈·双标·独秀（我的封建大家长父亲）,24.4万,393,2021-05-18,花痴道人,www.bilibili.com/video/BV1G64y1y7C2?from=search
社会,专访演员曹磊：《觉醒年代》里鲁迅“六亲不认”步伐的背后,7.0万,269,2021-06-30,新周刊Neweekly,www.bilibili.com/video/BV1Cy4y1M7Qm?from=search
影视剪辑,《觉醒年代》：“因为你拥护真理，所以真理拥护了你”,87.1万,1375,2021-05-11,新华社,www.bilibili.com/video/BV1PQ4y1o7Vt?from=search
影视剪辑,【觉醒年代】泱泱中华，礼仪之邦,21.1万,44,2021-04-08,林楠笙唯一女友,www.bilibili.com/video/BV1Ji4y1A7RK?from=search
影视剪辑,《觉醒年代》我陈独秀这辈子没有那么无语过。,42.7万,42,2021-04-01,中国光轮1932有限公司,www.bilibili.com/video/BV1cX4y1g7Fx?from=search
影视剪辑,难怪在这个导演镜头下的先生，画风都这么唯美【觉醒年代】,38.0万,166,2021-05-23,每人一条小鱼干,www.bilibili.com/video/BV1zo4y1m7xi?from=search
影视剪辑,如果延年早点和吴稚晖决裂，是不是就不会才29岁就牺牲了【觉醒年代 】,22.6万,22,2021-06-03,哭唧唧的小疯狗,www.bilibili.com/video/BV14h411e7y5?from=search
影视剪辑,觉醒年代 |  &quot;运动健将&quot; 赵世炎,4.7万,13,2021-07-03,奶油炸鸡五花肉,www.bilibili.com/video/BV1EK4y1M76j?from=search
手工,觉醒年代yyds！声控摘抄·类纸膜声控·解压,1.6万,20,2021-07-14,安安子不困,www.bilibili.com/video/BV1pL411H7hq?from=search
短片,【觉醒年代】从此我心中的鲁迅先生有了模样！,9.0万,47,2021-06-19,-派大星__,www.bilibili.com/video/BV1YX4y1A7r5?from=search
影视剪辑,【觉醒年代 | 女性群像 | 台词向】她,22.1万,274,2021-04-29,精致小盒,www.bilibili.com/video/BV1nZ4y1F7Pr?from=search
影视剪辑,【陈家兄弟可爱日常|觉醒年代】建议每日一遍干饭必看！！！同志，你饿么？,14.1万,138,2021-05-30,谢禧京,www.bilibili.com/video/BV1GV41177D1?from=search
影视剪辑,【觉醒年代】可可爱爱陈独秀，大家都在扔鞋，我也想···算了，我是文化人，忍一忍,117.4万,26,2021-06-14,吃着泡面看歌剧,www.bilibili.com/video/BV1c5411T7Re?from=search
鬼畜调教,【觉醒年代RAP】十荡十决，吾往矣！,7911,12,2021-07-15,董润祺,www.bilibili.com/video/BV1xb4y1k7os?from=search
影视剪辑,觉醒年代||欢乐治愈向 “你是我这一生幸会的感动”（被刀惨的进来回下血）,25.0万,535,2021-04-12,梁亦木,www.bilibili.com/video/BV1sU4y1h77b?from=search
影视剪辑,【觉醒年代】陈独秀封建大家长实锤！,11.2万,39,2021-06-13,金兰小富贵儿,www.bilibili.com/video/BV1jq4y177Zp?from=search
影视剪辑,【觉醒年代】张晚意&马启越 在线教学如何用无辜的表情讲最狠的话！,22.8万,69,2021-06-30,怀抱希望呀,www.bilibili.com/video/BV1ih411h7NL?from=search
影视剪辑,【觉醒年代|群像】此生救国终不悔，来世与卿共白头,7.9万,31,2021-06-24,繁花渐凉之时,www.bilibili.com/video/BV1oB4y1M73C?from=search
影视剪辑,【觉醒年代众演员剧抛脸群像】那么多剧我看了那么多次 也没认出来是他们！,16.4万,1778,2021-06-05,追星的颓废青年,www.bilibili.com/video/BV1m44y1z7A3?from=search
影视剪辑,【觉醒年代】原来迅儿哥是这样的人！有一说一方面的鲁迅真的潮！！,55.5万,1351,2021-06-27,-派大星__,www.bilibili.com/video/BV13o4y1C71m?from=search
预告 资讯,《觉醒年代》从2万到27万人评分，过去3个月发生了什么？,11.3万,797,2021-07-05,四味毒叔官方,www.bilibili.com/video/BV1PU4y1V7j3?from=search
人文历史,你看的是《觉醒年代》，我看的是《刺客信条之大清末日》,43.1万,4591,2021-05-04,毒舌的南瓜,www.bilibili.com/video/BV1nK4y1d7e6?from=search
影视杂谈,觉醒年代 导演这个隐喻太神了！,28.2万,26,2021-07-01,保温杯里记得泡枸杞吖,www.bilibili.com/video/BV16L411p7nQ?from=search
日常,我不会是最后一个看到觉醒年代这些照片的吧/好像删减了很多哎，想看完整版,2.0万,2,2021-07-10,水木木云,www.bilibili.com/video/BV1sL411W7LE?from=search
人文历史,觉醒年代拓展书单｜鲁迅搞女权简直笑死我了,27.3万,924,2021-06-28,这个月-,www.bilibili.com/video/BV1nw411o7VB?from=search
影视剪辑,觉醒年代：演员周显欣谈高君曼。,10.2万,24,2021-06-28,一只咩咩咩咩羊w,www.bilibili.com/video/BV1GV411x7Pb?from=search
影视剪辑,【觉醒年代】骑着红马，奔向远方——献给革命路上的女性,22.2万,109,2021-04-11,炖小鸡先生,www.bilibili.com/video/BV1nA411L72J?from=search
影视剪辑,一定是年少太过惊艳，才会令夏之栩余生都念念不忘。【觉醒年代｜赵世炎】,16.7万,76,2021-06-05,日常磕西皮的龟龟,www.bilibili.com/video/BV1YU4y1V72t?from=search
影视剪辑,他英勇就义后 她一生未再嫁  【觉醒年代】,18.9万,3,2021-05-16,哭唧唧的小疯狗,www.bilibili.com/video/BV18Q4y1o78D?from=search
影视剪辑,【觉醒年代】收复山东被拒，北大学子郭心刚一夜白头。,17.4万,27,2021-05-14,老天爷下雨吧,www.bilibili.com/video/BV1qU4y1t7q8?from=search
预告 资讯,《觉醒年代》香港首播，梁振英：我们有必要回顾民族觉醒那一刻,1.1万,5,2021-07-13,香港开电视,www.bilibili.com/video/BV18q4y1W76R?from=search
影视剪辑,【觉醒年代】搞笑篇：陈独秀应该是和子女不和，放走英英，又惹哭子美。,24.8万,250,2021-05-12,金兰小富贵儿,www.bilibili.com/video/BV1Ay4y1W7R2?from=search
短片,【觉醒年代|女大学生群像】那些敢爱敢恨的可爱人们，她们,4.3万,99,2021-07-06,夺笋大队队长好运连连,www.bilibili.com/video/BV1eX4y1w7RB?from=search
影视剪辑,【觉醒年代】胡适夫人出现了，虽小脚，但大家的反应爱了,47.0万,286,2021-05-23,金兰小富贵儿,www.bilibili.com/video/BV1cU4y1L7dT?from=search
社科·法律·心理,龙平平：《觉醒年代》有续集吗？有！就是今天的中国和我们,17.1万,1439,2021-05-11,观学院官方,www.bilibili.com/video/BV1Tv41157oj?from=search
影视杂谈,【呱呱荐剧】民国初代偶像男团，《觉醒年代》全员顶流！,3.1万,641,2021-07-01,严肃易拉罐,www.bilibili.com/video/BV1bh411h7oJ?from=search
影视剪辑,【觉醒年代‖陈乔年(马启越）】我们的宝贝乔年！你确定不来看吗~,13.6万,173,2021-05-27,微风知晚意,www.bilibili.com/video/BV1r44y1r76o?from=search
影视剪辑,【觉醒年代】论师兄弟之间是否存在一定的相似性,15.2万,116,2021-06-12,仿生猫会梦见电子鱼嘛,www.bilibili.com/video/BV1aK4y137q8?from=search
人文历史,《觉醒年代》黄侃：我骂康有为、梁启超可以，你们还不够资格！,30.1万,36,2021-05-16,青禾的文史专栏,www.bilibili.com/video/BV18A411G7MT?from=search
综艺,白玉兰颁奖典礼：最佳导演《觉醒年代》张永新,14.4万,1786,2021-06-11,开心九姨太,www.bilibili.com/video/BV1Wb4y1d7hd?from=search
影视剪辑,【觉醒年代丨欢乐向】干饭人陈独秀，发育中的封建大家长,10.9万,94,2021-05-31,二创君,www.bilibili.com/video/BV1qK4y1R7Fr?from=search
预告 资讯,张桐、刘琳《觉醒年代》拍摄花絮：展示爱情最美好的样子丨地球村光影日记,24.8万,152,2021-06-14,地球村日记,www.bilibili.com/video/BV1rf4y187o8?from=search
明星,【马启越】《觉醒年代》中饰演小乔年的弟弟古装有多帅？！！,20.2万,147,2021-06-20,小盐香香,www.bilibili.com/video/BV1xb4y1o7eo?from=search
热点,【觉醒年代】致敬五四，致敬青春,12.9万,99,2021-05-04,央视频,www.bilibili.com/video/BV1EU4y187mG?from=search
影视剪辑,【觉醒年代】毛大哥”叫的多么情切呀,6.1万,5,2021-06-16,你说我的西皮是假的,www.bilibili.com/video/BV1zq4y1L7fg?from=search
影视剪辑,【觉醒年代】这段大家的嘴就没停过，很日常很真实,17.1万,54,2021-05-23,金兰小富贵儿,www.bilibili.com/video/BV1344y1r7BQ?from=search
影视剪辑,【觉醒年代】那时候真的有人为了国家一夜白了头,18.9万,96,2021-06-07,我叫猪钢巤,www.bilibili.com/video/BV1DK4y1g7pK?from=search
影视剪辑,【觉醒年代】“发愤图强做栋梁，不负年少”,19.5万,228,2021-04-28,爱吃甜食的小泽,www.bilibili.com/video/BV1x64y1U7vB?from=search
影视杂谈,大结局！我们现在的幸福生活就是它的续集！9.3高燃民国历史剧《觉醒年代》P12,276.9万,5.0万,2021-05-21,木鱼水心,www.bilibili.com/video/BV1af4y1Y7ax?from=search
明星,【花絮】觉醒年代绝对想不到吧，张晚意与父亲陈独秀的对戏花絮竟然是这样滴？别忍着，开始笑！！！,39.0万,64,2021-05-26,青蛙嘎咕咕咕,www.bilibili.com/video/BV1gK4y1X7Pz?from=search
明星,觉醒年代 台前幕后工作人员的专属认证,11.4万,57,2021-06-08,恋上那阿衍aa,www.bilibili.com/video/BV1z64y167RR?from=search
影视剪辑,【觉醒年代】冥婚/公鸡/小脚/小新娘/旧社会,31.1万,125,2021-05-22,金兰小富贵儿,www.bilibili.com/video/BV1pN411Z7DZ?from=search
影视剪辑,【觉醒年代】 我要被延年嫌弃的眼神笑死了哈哈哈哈哈,12.2万,3,2021-06-05,哭唧唧的小疯狗,www.bilibili.com/video/BV1iK4y1X7dC?from=search
影视剪辑,【觉醒年代‖陈延年×柳眉【眉开延笑】我叫长安 你叫故里可惜长安尽头无故里已等不到年少到古稀，从此梦里星辰化作你……,16.3万,204,2021-05-08,微风知晚意,www.bilibili.com/video/BV1n84y1c7JC?from=search
明星,觉醒年代花絮于和伟 张桐，几个老师这么好玩的吗,23.4万,38,2021-06-08,恋上那阿衍aa,www.bilibili.com/video/BV1Wo4y1y7b6?from=search
明星,《觉醒年代》幕后采访每一帧都是大片，致敬追求完美的摄制组,21.3万,166,2021-06-02,蛮眼都是你,www.bilibili.com/video/BV1Vb4y1Z7Sw?from=search
影视剪辑,【觉醒年代】张晚意分享和于和伟演对手戏的一件幕后趣事,13.9万,28,2021-05-30,月下独舞-,www.bilibili.com/video/BV1e54y1V7Kz?from=search
影视剪辑,【觉醒年代】 于闹市中读书-毛爷爷每次读书都是叫两遍才应！,11.5万,9,2021-06-05,哭唧唧的小疯狗,www.bilibili.com/video/BV1eq4y1j7Ct?from=search
影视杂谈,鲁迅表弟被逼疯？《狂人日记》诞生！9.2高燃民国历史剧《觉醒年代》P4,316.0万,4.0万,2021-04-20,木鱼水心,www.bilibili.com/video/BV1vB4y1A7Ac?from=search
影视剪辑,【觉醒年代】“愿为信仰付诸一切的孤勇”这段张力太强了,9.4万,15,2021-05-25,小白雾1229,www.bilibili.com/video/BV1vf4y1h7Hc?from=search
影视剪辑,【觉醒年代】在那个年代里的每次鞠躬，都很有细节的中国礼仪，见面点头问礼都是九十度弯腰，彰显了中华礼仪之邦,25.6万,61,2021-05-22,美少女小捡,www.bilibili.com/video/BV1k5411u7sr?from=search
影视杂谈,《觉醒年代》10个冷知识,1.6万,4,2021-07-12,胡德一__,www.bilibili.com/video/BV1c44y1B7q1?from=search
明星,觉醒年代有多还原？拍的时候乔年也才14岁,14.8万,6,2021-06-11,青蛙嘎咕咕咕,www.bilibili.com/video/BV1qK4y137fA?from=search
影视剪辑,一个总是穿着黑色中山装，安静站在人群中的少年郎，你一眼望去，总能准确找到他【觉醒年代】,7.0万,14,2021-06-08,每人一条小鱼干,www.bilibili.com/video/BV1By4y1u7to?from=search
影视剪辑,你我在学生时代，心中都有这么一位品学兼优的少年郎吧|赵世炎|觉醒年代|林俊毅,35.1万,238,2021-04-11,李家染二,www.bilibili.com/video/BV1Wb4y1D74C?from=search
影视杂谈,见证历史！教员到北大！邂逅马克思！9.3高燃民国历史剧《觉醒年代》P5,321.1万,4.1万,2021-04-23,木鱼水心,www.bilibili.com/video/BV1Di4y1A7wK?from=search
影视剪辑,觉醒年代小细节胡适之打牌,4.2万,4,2021-07-11,保温杯里记得泡枸杞吖,www.bilibili.com/video/BV1Tv411p7JQ?from=search
预告 资讯,【觉醒年代】张晚意拍戏受伤 都怪太心疼于和伟？,42.0万,309,2021-05-06,央视频,www.bilibili.com/video/BV1954y1j7Ev?from=search
影视剪辑,“哭着离别，笑着赴死，一生隔岸相望”【陈延年x柳眉|觉醒年代】,33.8万,81,2021-05-11,有颗小树儿,www.bilibili.com/video/BV1Fy4y1W7ps?from=search
影视剪辑,《觉醒年代》鲁迅也逃不过真香定律,14.5万,40,2021-05-29,百事可爱眠,www.bilibili.com/video/BV1uq4y1j7AD?from=search
社会,电视剧《觉醒年代》香港首映 将以普通话于黄金时段播放,4.9万,65,2021-07-12,中新视频,www.bilibili.com/video/BV1kh41167Xx?from=search
影视杂谈,他们，拯救了北大！高燃民国历史剧《觉醒年代》P2,291.5万,3.8万,2021-04-15,木鱼水心,www.bilibili.com/video/BV1CX4y1g7rL?from=search
影视剪辑,【觉醒年代 陈独秀】 伟人的怼人方式,80.9万,8,2021-06-15,哭唧唧的小疯狗,www.bilibili.com/video/BV1zh411a734?from=search
影视剪辑,【觉醒年代】在觉醒里没有交代的，这里都交代了，不论孙先生还是孑民先生.,11.8万,1,2021-05-30,深海婆婆,www.bilibili.com/video/BV1KB4y1u7Hw?from=search
影视剪辑,觉醒年代｜欢乐向｜邓中夏｜邓中二浑身上下写满四个字：我要怼人,8.7万,223,2021-06-16,张小欧oooo,www.bilibili.com/video/BV1Kv411W7mY?from=search
影视剪辑,【鲁迅 | 觉醒年代】“豫才我从来就认为，你是中国思想最深刻的小说家”,16.2万,196,2021-05-28,柚子柚子__,www.bilibili.com/video/BV1wh411i7KN?from=search
热点,命中高考作文？看完这视频你就懂为什么是《觉醒年代》了！,82.5万,1735,2021-06-07,人民日报,www.bilibili.com/video/BV1Ny4y1u7Zk?from=search
社科·法律·心理,台湾妹子看《觉醒年代》为百年中国变革欢呼落泪,6.7万,278,2021-06-30,庄13台妹PKGIRL,www.bilibili.com/video/BV1D54y1J7Ep?from=search
美食侦探,亲测【觉醒年代】同款美食，100年前的美食竟然还都在？,7.9万,147,2021-07-01,啤啤梨的旅程,www.bilibili.com/video/BV1o44y1i7PD?from=search
影视杂谈,张桐谈《觉醒年代》饰演李大钊感受：以敬畏之心，迎接另一个灵魂的到来,45.7万,754,2021-04-03,地球村日记,www.bilibili.com/video/BV1ap4y187zL?from=search
影视剪辑,乔年真的太乖啦，小奶音好苏【觉醒年代】,11.7万,29,2021-05-23,每人一条小鱼干,www.bilibili.com/video/BV14Q4y1R76e?from=search
影视剪辑,你知道觉醒年代胡适还演过蒋介石、家暴男和孔夫子吗|朱刚日尧|剧抛脸盘点系列一,7.3万,160,2021-07-03,向上的冬瓜干,www.bilibili.com/video/BV1G64y1b7tk?from=search
影视剪辑,【觉醒年代】面对胡适&quot;阴阳怪气&quot;的守常先生,5.8万,4,2021-06-21,古城小道い,www.bilibili.com/video/BV1R64y1X7H9?from=search
明星,人民文娱专访于和伟：千人千面（觉醒年代+悬崖之上）,22.0万,394,2021-05-10,人民文娱,www.bilibili.com/video/BV1wp4y1t7qj?from=search
计算机技术,读过毛选和鲁迅全集的AI，会写出什么样的高考作文？【觉醒年代x人工智能】,131.7万,3306,2021-06-18,图灵的猫,www.bilibili.com/video/BV1aw411f7G9?from=search
影视杂谈,台湾人聊《觉醒年代》完整版P1：五四运动，被台湾课本删掉的历史,25.5万,589,2021-06-10,报告兔长官,www.bilibili.com/video/BV1ky4y1u7SE?from=search
热点,《觉醒年代》在香港以普通话原声播出，《号手就位》也安排上了！,9567,0,2021-07-13,青蜂侠-Bee,www.bilibili.com/video/BV1sv411n7mv?from=search
社会,《觉醒年代》香港首映 梁振英：有必要回顾民族觉醒的时刻,5.0万,15,2021-07-13,中新视频,www.bilibili.com/video/BV15v411n7u4?from=search
影视剪辑,【觉醒年代】斯年劝学~刻在DNA的王大爷&傅斯年邀您零基础上北大 不收学费,8.7万,92,2021-06-12,泺小乔,www.bilibili.com/video/BV1eK4y137CC?from=search
热点,《伟大征程》舞台再现觉醒年代！,34.4万,462,2021-07-01,人民日报,www.bilibili.com/video/BV1p44y1q7C8?from=search
影视剪辑,【觉醒年代｜北大学子欢乐向】这是“北影”吗？,1.7万,11,2021-07-10,银河投递员biu,www.bilibili.com/video/BV1nf4y1L7CQ?from=search
影视剪辑,觉醒年代 鲁迅先生的出场，导演是下了许多功夫的！,13.1万,41,2021-06-30,保温杯里记得泡枸杞吖,www.bilibili.com/video/BV1nb4y1y7dk?from=search
音乐现场,成都街头!!!觉醒年代版《错位时空》!!!如愿盛世！！！,14.4万,699,2021-07-08,街头艺人小高,www.bilibili.com/video/BV1b64y1471L?from=search
影视杂谈,看完四部献礼剧预告，终于知道为什么只有《觉醒年代》能够封神了,15.4万,377,2021-06-09,网视洞察,www.bilibili.com/video/BV1JK4y137od?from=search
影视杂谈,觉醒年代没回本？『你微笑时很美』热度又攀新高？！影视剧反向内卷,12.0万,1417,2021-07-09,北极小狐2,www.bilibili.com/video/BV16X4y1w7Po?from=search
明星,同济大学思政课，马启越张晚意现场独白神还原觉醒年代，哥哥弟弟绝了！！,11.4万,189,2021-06-13,慕色梦境,www.bilibili.com/video/BV1M64y1r7jT?from=search
影视剪辑,【觉醒年代】反傲娇达人守常先生,5.0万,3,2021-06-29,古城小道い,www.bilibili.com/video/BV1no4y1C7ZL?from=search
影视剪辑,用周深歌声打开《觉醒年代》：燃尽烛火 心若明月丨地球村光影日记,4.4万,186,2021-06-27,地球村日记,www.bilibili.com/video/BV1Vv411H7JH?from=search
综合,专访《觉醒年代》导演张永新：听说网友去陵园看望陈延年烈士，我很感动,8.4万,262,2021-06-24,侠客岛,www.bilibili.com/video/BV12M4y1u7iW?from=search
热点,行走的作文素材库？小撒录节目时押中《觉醒年代》相关高考作文题,24.8万,38,2021-06-07,央视网快看,www.bilibili.com/video/BV11v411V7zS?from=search
影视剪辑,【建党伟业x觉醒年代x走向共和】同场戏对比（张勋复辟）,11.7万,459,2021-06-24,晨曦闪耀之王,www.bilibili.com/video/BV1Ry4y1T7Na?from=search
热点,打祖国疫苗，看《觉醒年代》，台大教授感慨万千：让我们的国家变得更好,5.4万,29,2021-06-26,台海网,www.bilibili.com/video/BV1vf4y1t7ZW?from=search
校园学习,【作文素材配音】暑假补剧推荐：《觉醒年代》经典台词及适用主题指引,4486,2,2021-07-15,作文素材每日读,www.bilibili.com/video/BV1Hw41197Pq?from=search
影视剪辑,【觉醒年代】“姐，憨坨回来了”李大钊夫妻之间平平淡淡，可就是看的想哭,21.0万,190,2021-04-28,风华正茂某先生,www.bilibili.com/video/BV14Z4y1F7Ww?from=search
影视杂谈,《觉醒年代》张晚意！看哭千万人的回眸一笑！ 可以说，张晚意演活了陈延年，也因为陈延年也让观众看到了演员张晚意 ，崛起的新生代，真未来可期！,37.8万,19,2021-07-05,酱紫娱乐说,www.bilibili.com/video/BV1Jf4y1b7zD?from=search
演奏,【《伯虎说》钢琴版】你们都说这个版本和觉醒年代绝配，我想是因为你们听到了来之不易的国泰民安吧,2.9万,11,2021-06-30,弹钢琴的余鱼,www.bilibili.com/video/BV1Kw411Z7fK?from=search
影视杂谈,巴黎和会出师不利！外交团肩负重任！9.3高燃民国历史剧《觉醒年代》P6,252.6万,2.6万,2021-04-26,木鱼水心,www.bilibili.com/video/BV1xN411f7iX?from=search
影视剪辑,觉醒年代的续集：就是现在,10.2万,58,2021-07-02,新华社,www.bilibili.com/video/BV14v411H7Ct?from=search
影视剪辑,建党伟业：受觉醒年代影响我现在说话也是这样,9.8万,5,2021-06-26,语泽君,www.bilibili.com/video/BV1r5411T7Z8?from=search
影视剪辑,【觉醒年代|郭心刚|傅斯年】兄弟就是互怼且快乐！,8.9万,30,2021-06-20,慕璃子,www.bilibili.com/video/BV1EM4y1u7pv?from=search
明星,觉醒年代 刘琳 非常愿意出演这种类型的角色，会从他们身上汲取力量,11.5万,39,2021-06-08,慕色梦境,www.bilibili.com/video/BV1pQ4y197dS?from=search
人文·历史,独家揭秘：觉醒年代葛树贵真实的结局,9.5万,159,2021-06-25,新华社,www.bilibili.com/video/BV1mX4y1A7cJ?from=search
社会,编剧龙平平：《觉醒年代》续集正在上演,2.2万,95,2021-07-05,新华社快看,www.bilibili.com/video/BV1BL411p7vG?from=search
影视剪辑,觉醒年代 乔年这段也太太太太奶了,3.1万,9,2021-07-07,前胸如后背丫,www.bilibili.com/video/BV1bX4y1w7Xi?from=search
影视杂谈,巴黎和会太屈辱！外交团经历了什么？9.3分高燃民国历史剧《觉醒年代》P8,212.7万,2.5万,2021-05-02,木鱼水心,www.bilibili.com/video/BV1Z64y1y7Ku?from=search
热点,燃！陈独秀在《觉醒年代》的这段发言字字珠玑,18.1万,296,2021-05-27,央视频,www.bilibili.com/video/BV1th411Y7hW?from=search
影视剪辑,后来，易白沙先生去了北京，牺牲时，年仅35岁【觉醒年代】,8.2万,63,2021-06-03,每人一条小鱼干,www.bilibili.com/video/BV1L64y1R73z?from=search
人文历史,观棋有语113：在香港播放《觉醒年代》是要提醒年轻人什么？,10.3万,1060,2021-07-13,席亚洲,www.bilibili.com/video/BV11w411d76h?from=search
影视杂谈,请愿团血溅总统府！革命热潮蔓延全国！9.3高燃民国历史剧《觉醒年代》P10,194.2万,2.4万,2021-05-10,木鱼水心,www.bilibili.com/video/BV1c64y1y7nt?from=search
影视剪辑,觉醒年代小细节，螳螂,3.0万,3,2021-07-11,保温杯里记得泡枸杞吖,www.bilibili.com/video/BV1E64y147E5?from=search
影视杂谈,【觉醒年代】你的考点，就是他们的一生！！！,3.0万,534,2021-07-01,悠悠5252,www.bilibili.com/video/BV1vK4y1g7Kd?from=search
音乐综合,贺 建党百年★Do you hear the people sing中文填词翻唱★觉醒年代｜建党伟业｜1921-2021,2.7万,57,2021-07-01,Stark家的余景,www.bilibili.com/video/BV1XX4y1c7Xt?from=search
影视剪辑,觉醒年代花絮，真想去现场看看呀,7513,1,2021-07-14,保温杯里记得泡枸杞吖,www.bilibili.com/video/BV1Sb4y1k7a8?from=search
社会,觉醒年代压中多地高考作文题，觉醒年代yyds！,9.8万,4,2021-06-08,中视央广传媒,www.bilibili.com/video/BV1NV41147EM?from=search
影视剪辑,【粤语警告】我这种人 你惹不起的  【大女主天花板】【台词向】【觉醒年代】【名场面】【巾帼枭雄义海豪情】【邓萃雯】,6.6万,35,2021-07-08,挖煤的黑猫,www.bilibili.com/video/BV1n54y1n7P6?from=search
影视剪辑,《觉醒年代》感谢先辈用他们的一腔热血来守护风雨飘摇中的祖国,5.0万,13,2021-06-27,舞狮君电影,www.bilibili.com/video/BV1xg411374o?from=search
预告 资讯,《革命者》发布新青年版推广曲《青春》MV，《觉醒年代》组团联动献声,4.9万,186,2021-06-26,哔斯卡金像奖,www.bilibili.com/video/BV1Qo4y1k7Pt?from=search
影视剪辑,你知道觉醒年代蔡元培还演过日本鬼子、农民工和窦婴吗|马少骅|剧抛脸盘点系列2,1.3万,61,2021-07-12,向上的冬瓜干,www.bilibili.com/video/BV1jL411W7XZ?from=search
影视杂谈,大决战！新旧文化矛盾彻底爆发！9.3分高燃民国历史剧《觉醒年代》P7,229.2万,2.3万,2021-04-29,木鱼水心,www.bilibili.com/video/BV1yQ4y1Z7zb?from=search
影视杂谈,【觉醒年代Re】第七集～吾爱吾师，吾更爱真理！,5508,135,2021-07-14,婧婧婧婧婧姐,www.bilibili.com/video/BV1h44y127vU?from=search
影视杂谈,【巴蒂】同一人物在不同剧集中能有多大差别 觉醒年代vs建党伟业,4.7万,125,2021-07-15,No-巴蒂,www.bilibili.com/video/BV1HU4y1n7z8?from=search
影视杂谈,白玉兰奖《觉醒年代》《山海情》《大江大河2》神仙打架：建议最佳男主于和伟、张嘉益、王凯三黄蛋,15.9万,1183,2021-05-21,秀才侃娱乐,www.bilibili.com/video/BV19K4y197iV?from=search
手工,你们一直催的钢笔声控！这不就来了！觉醒年代台词摘抄·助眠·解压·治愈系,9221,26,2021-07-15,安安子不困,www.bilibili.com/video/BV1vo4y1X7bY?from=search
热点,司马南：觉醒年代！中国青年网络音乐节有感,6.9万,1237,2021-06-22,司马南,www.bilibili.com/video/BV1cX4y1P7fs?from=search
影视杂谈,安利《觉醒年代》：上到九十九下到刚会走都可以看这部剧！现象级好剧！值得反复观看！,13.7万,535,2021-04-21,辛西娅撩剧,www.bilibili.com/video/BV1y54y1L7qe?from=search
影视杂谈,台湾人聊《觉醒年代》：第一次听说人血馒头，吓坏了,13.5万,152,2021-06-09,报告兔长官,www.bilibili.com/video/BV1ry4y1u7za?from=search
影视剪辑,觉醒年代‖八佰‖少年中国说,9.1万,119,2021-05-16,一目五先森,www.bilibili.com/video/BV1wQ4y1o7Jc?from=search
影视剪辑,【觉醒年代】【刘师培个人向】江南又梦烟雨,13.9万,177,2021-05-06,雨打梨花深闭門,www.bilibili.com/video/BV12y4y1p7eq?from=search
影视剪辑,【觉醒年代/蔡元培欢乐向】热爱105℃的你（蔡公）,4.5万,77,2021-06-25,咩咩羊-咩,www.bilibili.com/video/BV1Nv411H7An?from=search
预告 资讯,【越来越晚】20210611新华网 觉醒年代 直播录屏 主越晚双人部分 【张晚意 ｜ 马启越 ｜ 林俊毅 ｜ 查文浩 ｜ 夏德俊】,8.8万,625,2021-06-11,瓶砸砸_,www.bilibili.com/video/BV1MB4y1M7RX?from=search
影视剪辑,【觉醒年代】1927.7.4乔年再也没有哥哥了,10.6万,13,2021-06-03,你说我的西皮是假的,www.bilibili.com/video/BV1uK4y1X7fi?from=search
手工,一页手帐 ｜ 《觉醒年代》YYDS！观影手帐·轻复古拼贴,2.5万,39,2021-07-01,月岛酱酱酱,www.bilibili.com/video/BV1QL411p7FM?from=search
影视杂谈,《觉醒年代》网友对延乔路的评论上央视了,20.2万,32,2021-05-02,指路为马混门罗,www.bilibili.com/video/BV1ay4y1p7PB?from=search
社会,专访｜《觉醒年代》导演张永新：不能低估了年轻观众的审美,19.0万,309,2021-04-15,北京日报客户端,www.bilibili.com/video/BV1WA411L7za?from=search
影视剪辑,【觉醒年代】奶凶奶凶的乔年，可爱死啦~,6.4万,3,2021-06-12,深海婆婆,www.bilibili.com/video/BV1gK4y197Sy?from=search
影视杂谈,台湾人聊《觉醒年代》：陈延年之死,12.8万,55,2021-06-11,报告兔长官,www.bilibili.com/video/BV18b4y1d7V1?from=search
影视剪辑,觉醒年代，陈乔年陈延年，(含眉开延笑）不磕就不要进，怕弹幕引起不适。欢乐向!请一定要看完，从头笑到尾!咋乐咋来!今晚加更!,17.1万,425,2021-05-03,微风知晚意,www.bilibili.com/video/BV1NQ4y1f7j1?from=search
影视剪辑,共和死了，我不会死。|觉醒年代,3.8万,180,2021-06-24,一未言青,www.bilibili.com/video/BV1if4y1t7bC?from=search
影视剪辑,【觉醒年代丨鲁迅/曹磊个人】 你有没有见过他 ‖ 他有没有向你朗诵闪电一般霹雳诗歌,15.4万,55,2021-05-04,iamWednesday,www.bilibili.com/video/BV1hQ4y1d76p?from=search
短片,【觉醒年代-白兰】当白兰站上台演讲的那一刻，心都颤动了，吾辈当自强,4.3万,5,2021-06-28,夏之鸣蝉,www.bilibili.com/video/BV1wv411H7f6?from=search
影视剪辑,【觉醒年代】李大钊夫妇的爱情，没有拥抱，却把爱情诠释地淋漓尽致！,18.8万,462,2021-04-28,金兰小富贵儿,www.bilibili.com/video/BV1J64y1U7XU?from=search
职业职场,【公考热点】面试时敢不敢给考官讲个故事?用觉醒年代拆解志气骨气底气!,1.2万,0,2021-07-11,逻辑mao,www.bilibili.com/video/BV1hU4y1378D?from=search
影视剪辑,【觉醒年代】泪目，送别陈仲甫，政客终究不及文人啊！,20.6万,143,2021-05-04,来自意大利的李云龙,www.bilibili.com/video/BV19y4y1s7bb?from=search
短片,大学翻拍《觉醒年代》,6.0万,70,2021-06-23,ZHEEE11,www.bilibili.com/video/BV1LV411x7HA?from=search
影视剪辑,爆笑！原来觉醒年代胡适的扮演者还出演过这个名场面！,3.3万,56,2021-07-06,向上的冬瓜干,www.bilibili.com/video/BV15M4y1M7p7?from=search
影视剪辑,【觉醒年代】影视剧 当大清回来了,8152,17,2021-07-14,梁子最酷,www.bilibili.com/video/BV1ib4y1k789?from=search
影视剪辑,《觉醒年代》演员拍戏辛苦超乎想象,22.2万,197,2021-04-08,北京卫视大戏看北京,www.bilibili.com/video/BV12f4y1W7xv?from=search
热点,豆瓣评分9.3的“神剧”如何炼成？央视专访《觉醒年代》主创,12.6万,1101,2021-05-04,小央视频,www.bilibili.com/video/BV1vo4y127iE?from=search
热点,太真实！《觉醒年代》于和伟生动诠释男女出门的区别！,14.9万,30,2021-05-11,央视频,www.bilibili.com/video/BV1kK4y1d7cZ?from=search
人文历史,“他从旧中国的雨水中走来”，《觉醒年代》导演谈剧中毛泽东出场镜头,4.3万,31,2021-06-16,央视频,www.bilibili.com/video/BV1cb4y1o7zy?from=search
预告 资讯,七·一再谈《觉醒年代》：老天给了一道光,3.1万,229,2021-07-01,四味毒叔官方,www.bilibili.com/video/BV1pb4y1y7Vj?from=search
影视杂谈,台湾人聊《觉醒年代》完整版P2：最爱陈独秀，最讨厌胡适，第一次听说辜鸿铭,11.5万,364,2021-06-10,报告兔长官,www.bilibili.com/video/BV1jf4y187hM?from=search
影视剪辑,【我们的法兰西岁月】大佬们青年时的欢乐留法日常｜看完觉醒年代的朋友们可以去康康我们的法兰西岁月！都是不可多得的好剧,13.8万,625,2021-05-10,最爱俊俊小天使,www.bilibili.com/video/BV1iK4y1d77h?from=search
短片,《觉醒年代》 这段我看一次笑一次哈哈哈哈哈哈哈哈哈哈哈哈哈哈哈,9.8万,93,2021-06-07,钰子酱-POKER,www.bilibili.com/video/BV1VB4y1M7mo?from=search
明星,《觉醒年代》编剧、主演做客开讲啦重看戳人片段，撒贝宁泪目：很多年轻人找到青春的意义。,9.2万,52,2021-06-09,青蛙嘎咕咕咕,www.bilibili.com/video/BV1r44y167EF?from=search
人文历史,《觉醒年代》青年演员马启越来新疆了，与两位少年探寻最美独库公路,3.4万,148,2021-06-25,中国青年报,www.bilibili.com/video/BV1Do4y1k7B9?from=search
影视剪辑,建党一百周年觉醒年代这大概是包办婚姻里比较幸福的一对了,2.4万,3,2021-07-04,玥玥电视小剧场,www.bilibili.com/video/BV1PL411W7m1?from=search
影视剪辑,「觉醒年代 | 十年人间」陈独秀个人向 | 独立高楼风满袖（已重制）,5.6万,146,2021-06-08,灯灯灯开灯,www.bilibili.com/video/BV1ty4y1u7X5?from=search
手工,又是被鼓舞的一天｜手写声控｜《觉醒年代》｜普鲁士蓝&橙｜白噪音｜笔触音｜助眠解压,4.0万,27,2021-06-26,甜IAN7,www.bilibili.com/video/BV1uv411H73T?from=search
影视杂谈,【觉醒年代Re】9.3分！回到那个追求真理与理想的年代～第一集,3.8万,703,2021-06-24,婧婧婧婧婧姐,www.bilibili.com/video/BV14B4y1K7Ud?from=search
日常,【yy】准高三生的暑假｜学习学习学习｜觉醒年代｜拿铁｜巧乐兹｜海底捞｜草莓魔法棒,5569,122,2021-07-13,xyyya-,www.bilibili.com/video/BV18o4y1D7FV?from=search
影视剪辑,【觉醒年代】搞笑篇：虽然你是警察，但我怀疑你是好人，更怀疑你是我党编外人员。,17.5万,211,2021-05-11,金兰小富贵儿,www.bilibili.com/video/BV16f4y1a7Gy?from=search
影视剪辑,【觉醒年代|不知道算不算彩蛋】带预言家张丰载：海威真的跟白兰在一起了,15.7万,30,2021-05-22,太甜酱,www.bilibili.com/video/BV1C64y1d7T8?from=search
影视剪辑,【觉醒年代｜少年组】“少年自有少年狂，身似山河挺脊梁”,12.4万,103,2021-05-04,春山待望,www.bilibili.com/video/BV1fK4y1w7j6?from=search
影视剪辑,觉醒年代小细节，张勋复辟的北京城,1.5万,3,2021-07-11,保温杯里记得泡枸杞吖,www.bilibili.com/video/BV1164y1b7xD?from=search
影视杂谈,【觉醒年代】陈乔年是什么人间小可爱？,26.2万,137,2021-04-02,深眸眼绿484,www.bilibili.com/video/BV1364y1S73K?from=search
影视剪辑,【觉醒年代】乔年看延年的样子像极了我小时候收红包，先看我妈的眼神,10.6万,14,2021-05-17,你说我的西皮是假的,www.bilibili.com/video/BV1K54y1V7nT?from=search
影视剪辑,【觉醒年代-张丰载】“我家疯崽也很可爱！”易燃易爆炸,10.4万,100,2021-06-04,仿生猫会梦见电子鱼嘛,www.bilibili.com/video/BV1LB4y1g7E9?from=search
影视杂谈,【觉醒年代Re】第六集～校长就职！学长上任～！,8386,105,2021-07-11,婧婧婧婧婧姐,www.bilibili.com/video/BV1eX4y1w7rB?from=search
影视剪辑,【觉醒年代yyds】他们关心家国大业，更关心你的身体健康,4.0万,102,2021-06-22,创意自留地,www.bilibili.com/video/BV1M64y197v6?from=search
影视剪辑,【觉醒年代】陈乔年抗议为什么只有哥哥能上桌,10.1万,30,2021-06-10,我叫猪钢巤,www.bilibili.com/video/BV1bo4y1y7Vx?from=search
影视剪辑,【觉醒年代】青年时期的冰心出现了，气质美女！,19.9万,23,2021-05-10,金兰小富贵儿,www.bilibili.com/video/BV1qv411575u?from=search
预告 资讯,【觉醒年代】Y Y D S,3.2万,16,2021-06-11,河南卫视,www.bilibili.com/video/BV1eQ4y197MU?from=search
综合,专访《觉醒年代》导演张永新：很多次边拍边流泪,4.1万,187,2021-06-21,侠客岛,www.bilibili.com/video/BV1rh411a7Fi?from=search
影视剪辑,【觉醒年代‖钱玄同个人欢乐向】拆屋代师·社会钱爷·小熊软糖·露德潜ʕ·ᴥ·ʔ,7.5万,99,2021-06-12,胃里有蝴蝶的阿盐,www.bilibili.com/video/BV17U4y157Ds?from=search
影视杂谈,觉醒年代回北大访谈视频,20.1万,1040,2021-04-20,樱桃之远MJ,www.bilibili.com/video/BV1gy4y1s7P8?from=search
影视剪辑,【觉醒年代】Sugar 中老年组全员欢乐向（可可爱爱）,17.2万,460,2021-04-21,莲サン,www.bilibili.com/video/BV13X4y137on?from=search
影视剪辑,【觉醒年代】“我看到了，中国的脊梁”,11.5万,144,2021-05-04,洛木尘阳,www.bilibili.com/video/BV19b4y1Z7SH?from=search
影视剪辑,【觉醒年代｜欢乐向｜陈家父子爆笑斗法】笑点千百万 陈家占一半 每天看一遍 烦恼都不见,3.0万,36,2021-06-28,山东卫视,www.bilibili.com/video/BV1Kv411H7DP?from=search
影视剪辑,【觉醒年代｜于和伟｜陈独秀个人向】他这一生都在失去，却也倒在了黎明前,5.9万,272,2021-06-02,楼夕夕楼,www.bilibili.com/video/BV1cg411G7di?from=search
影视剪辑,觉醒年代 这场戏可是花了很多功夫在里面的！细细品读，你会发现新大陆！,2.6万,0,2021-07-05,保温杯里记得泡枸杞吖,www.bilibili.com/video/BV1yq4y1s776?from=search
影视剪辑,觉醒年代||欢乐向剪辑“为了不哭大声笑，为了不烦大声呸！”只要剪的够甜刀子就追不上我！,16.2万,254,2021-04-15,梁亦木,www.bilibili.com/video/BV14U4y1h7nx?from=search
翻唱,【鲁迅】起风了 / 愿中国青年都摆脱冷气，只是向上走 / 觉醒年代,2.4万,195,2021-06-30,陈满满_Yu,www.bilibili.com/video/BV1Lf4y1b7vg?from=search
影视剪辑,【觉醒年代 陈延年 陈乔年】-少年自有少年狂 心似骄阳万丈光,9.0万,33,2021-05-10,Jade花花-,www.bilibili.com/video/BV1aq4y1773X?from=search
影视剪辑,【觉醒年代高燃】寻着光的方向 把你遗忘 回忆折旧成我倔强的模样,8.9万,107,2021-05-21,承枫之翼,www.bilibili.com/video/BV1zQ4y1R7yF?from=search
明星,【张晚意】觉醒年代里的陈延年“既已许国，再难许卿” 每个镜头都有深意,5.8万,18,2021-05-23,人间小桂花呀,www.bilibili.com/video/BV14K4y1G7Qz?from=search
社会,北大红楼、《新青年》编辑部……实地探访《觉醒年代》里高频出现的历史遗迹,4300,2,2021-07-12,新华社快看,www.bilibili.com/video/BV1LB4y1N7Gr?from=search
影视剪辑,【觉醒年代】乔年好可爱啊，萌萌的特别奶,8.1万,7,2021-05-17,歆壹娱乐,www.bilibili.com/video/BV14y4y1W7WN?from=search
影视剪辑,【觉醒年代|欢乐向】-北大双兔相爱相杀的欢乐日常,3.4万,132,2021-06-29,浮尘微刃,www.bilibili.com/video/BV1TB4y1T7Bp?from=search
影视剪辑,【觉醒年代||刘师培】人间不值得/中了病弱美人刘申叔的毒~,9.3万,168,2021-05-18,lvseshalou,www.bilibili.com/video/BV11v41157bu?from=search
预告 资讯,【第27届上海电视节白玉兰奖】最佳男主角  于和伟《觉醒年代》,8.6万,398,2021-06-10,此生最惨梦望重,www.bilibili.com/video/BV1dv411V7iz?from=search
影视剪辑,【觉醒年代】_现实生活中也很像哥哥弟弟呀,5.2万,11,2021-06-16,你说我的西皮是假的,www.bilibili.com/video/BV16q4y1L7gg?from=search
日常,《觉醒年代》 yyds！,8.5万,50,2021-06-09,台妹胖蕊_,www.bilibili.com/video/BV15Q4y197bV?from=search
影视剪辑,【觉醒年代】_守常走了 延年也走了 这一刻他失去了挚友也失去了他的儿子们,10.4万,6,2021-06-08,再难也不放弃希望i,www.bilibili.com/video/BV1gh411a7AC?from=search
影视剪辑,已经惊呆我了！！觉醒年代剧抛脸群像（最后一个 我看了片尾曲才确定,7.2万,600,2021-06-10,追星的颓废青年,www.bilibili.com/video/BV1P54y1G79E?from=search
影视剪辑,【觉醒年代】陈独秀：“他有病”  刘师培：“那我走？”,9.3万,38,2021-06-03,晓晓的陈陈,www.bilibili.com/video/BV1rA41137di?from=search
影视剪辑,觉醒年代搞笑担当陈仲甫,12.8万,89,2021-05-17,众创说影视,www.bilibili.com/video/BV12A411G7hz?from=search
影视剪辑,【觉醒年代】催稿攻略(鲁迅:在写了在写了(T ^ T),7.1万,25,2021-06-12,古城小道い,www.bilibili.com/video/BV1RB4y1T7d2?from=search
影视剪辑,这段笑si&quot;我才是陈仲甫...他是假的&quot;&quot;他有病...&quot;[觉醒年代]陈独秀与胡适之初见,11.4万,123,2021-05-21,Alice环环,www.bilibili.com/video/BV1Nv411L7eo?from=search
影视剪辑,【觉醒年代/黄侃X钱玄同】最喜欢看他们两吵架了！！,1.2万,6,2021-07-08,困困困2008,www.bilibili.com/video/BV16M4y1M7kk?from=search
影视剪辑,【觉醒年代 | 南陈北李 | 真相是真】“我与你共进退。”,4858,16,2021-07-11,灯灯灯开灯,www.bilibili.com/video/BV1o44y1q7cr?from=search
影视剪辑,陈家父子互怼太可爱了！今天7月4日是陈延年烈士牺牲94周年，赴死那段瞬间泪崩！这才是我们青年的楷模觉醒年代,1.7万,8,2021-07-04,保温杯里记得泡枸杞吖,www.bilibili.com/video/BV1Uo4y1Q7bn?from=search
社科·法律·心理,1947，觉醒年代重来【从书说起·余亮】,12.7万,891,2021-04-25,余不是大钊老师,www.bilibili.com/video/BV1Fb4y1Q7gk?from=search
影视杂谈,《觉醒年代》正式收官！结局选点意味深长，胡适的误杀让人遗憾,30.0万,61,2021-03-25,虎妹大电影,www.bilibili.com/video/BV1Zh411S7hf?from=search
影视剪辑,【觉醒年代】来听鲁迅先生的演讲！魅力四射！,14.7万,70,2021-05-10,金兰小富贵儿,www.bilibili.com/video/BV1Kf4y1Y7ze?from=search
鬼畜调教,【觉醒年代】北大教授团的课间游戏,2.8万,67,2021-06-29,欧文丽贝卡,www.bilibili.com/video/BV1Kf4y1b7Bv?from=search
健身,追觉醒年代，跟练同款健身操！新青年野蛮体魄吧！,921,30,2021-07-15,卡罗尔的歌,www.bilibili.com/video/BV1sv411n7ne?from=search
明星,"《觉醒年代》幕后花絮欢乐多多,于和伟萌萌哒",8.5万,17,2021-06-07,青蛙嘎咕咕咕,www.bilibili.com/video/BV17w411Z7Ad?from=search
影视剪辑,【觉醒年代|欢乐向】如果用家有儿女的方式打开觉醒年|可可爱爱的文人日常,4.6万,65,2021-06-14,棉袄君TmT,www.bilibili.com/video/BV1Ch411a7ER?from=search
影视剪辑,【觉醒年代】陈独秀吃饭没带钱，看这两父子吵架太有意思,23.8万,454,2021-03-28,彬-彬-彬,www.bilibili.com/video/BV1oA411N7oG?from=search
影视剪辑,这就是一部高考满分作文！！！｜觉醒年代,5.8万,34,2021-06-07,柳柳柳枝,www.bilibili.com/video/BV1DU4y1V75Q?from=search
影视剪辑,【觉醒年代】【全员礼仪】看我泱泱大国 巍巍华夏 礼仪之邦！！！,4.0万,29,2021-06-16,点点好运来,www.bilibili.com/video/BV1iB4y1M7BB?from=search
影视剪辑,【觉醒年代 | 中国少年说】“千难万挡 我去闯 今朝唯我 少年郎”，他们是我们热爱和铭记的人！,5.4万,64,2021-06-08,珺墨良钰,www.bilibili.com/video/BV1io4y1y72k?from=search
短片,《觉醒年代》李大钊和赵纫兰绝美的爱情故事,18.9万,790,2021-04-05,紫水晶_dj,www.bilibili.com/video/BV1MZ4y1c7e3?from=search
预告 资讯,张桐演技名场面，本届白玉兰奖提名名单入围，《觉醒年代》张桐没有入围,9.6万,65,2021-05-21,雷小锋君,www.bilibili.com/video/BV1x54y1V7bS?from=search
翻唱,【知夏翻唱】用《星辰大海》的方式打开觉醒年代（建党100周年特别投稿）,1.5万,82,2021-07-01,知夏SAMA嗷呜呜,www.bilibili.com/video/BV1fV411p754?from=search
影视剪辑,【觉醒年代】之搞笑篇 陈延年：我爸庆祝我关监狱，真亲爸也！,17.0万,53,2021-04-28,金兰小富贵儿,www.bilibili.com/video/BV1BB4y1c7Pc?from=search
明星,【花絮】觉醒年代人物特辑完整版，毕彦君谈辜鸿铭，是一个坚定的爱国者,10.4万,246,2021-05-20,慕色梦境,www.bilibili.com/video/BV1hb4y1o7CB?from=search
影视剪辑,大决战这是要媲美觉醒年代，恢弘的场面，客观的表达那一段历史,4.4万,50,2021-06-28,俊采星驰-1,www.bilibili.com/video/BV1x5411T7NP?from=search
影视剪辑,【觉醒年代|白兰中心向】心刚答应我说，毕业之后，就带我回青岛老家结婚呢……,1.2万,9,2021-07-07,小曜小曜很闪耀,www.bilibili.com/video/BV1vK4y1M7ti?from=search
影视杂谈,【觉醒年代Re】第四集～无论将来做什么，要当一个堂堂正正的人！,9576,285,2021-07-07,婧婧婧婧婧姐,www.bilibili.com/video/BV1c54y1n7iD?from=search
手工,《觉醒年代》来啦！｜钢笔手写声控｜浓郁墨水｜白噪音｜笔触音｜助眠解压,5290,9,2021-07-12,甜IAN7,www.bilibili.com/video/BV1PK4y1u7mQ?from=search
影视杂谈,【觉醒年代Re】第五集～搞投资！搞事业！搞教育！,8722,161,2021-07-09,婧婧婧婧婧姐,www.bilibili.com/video/BV1aX4y1w7UD?from=search
影视剪辑,快来看看鲁迅先生有多可爱哈哈哈哈【觉醒年代】,25.0万,92,2021-03-14,鼓鼓小可爱呀,www.bilibili.com/video/BV1Cy4y147Sj?from=search
人文历史,从《觉醒年代》看各国国旗发展，真的还原细节,19.6万,486,2021-03-10,史图馆,www.bilibili.com/video/BV1sz4y117tQ?from=search
影视剪辑,【觉醒年代】陈独秀|“终于开始学会眷恋这人间”,7.7万,282,2021-05-04,范不咸咸咸咸,www.bilibili.com/video/BV1k64y1272T?from=search
影视剪辑,【觉醒年代最强气氛组】这是你一直在找的北大拉琴小哥哥吗？,13.2万,44,2021-04-24,李家染二,www.bilibili.com/video/BV1Yh411S7Dz?from=search
热点,《觉醒年代》在港开播 梁振英：让港人了解民族觉醒和建党艰辛十分必要,8142,0,2021-07-13,深圳卫视直新闻,www.bilibili.com/video/BV1tf4y1j75t?from=search
人文历史,【觉醒年代】大佬之黄侃：“骂”胡适，我是专业的,5.1万,24,2021-06-21,凤凰网文化,www.bilibili.com/video/BV1B5411T7Qa?from=search
影视杂谈,【刘琳】——《觉醒年代》张永新导演评刘琳演技,3.0万,24,2021-06-30,金沙江畔1,www.bilibili.com/video/BV1Aq4y1x7ix?from=search
综合,“鲁迅”在鲁迅故居聊鲁迅！《觉醒年代》导演张永新 演员曹磊登岛畅聊～,1.5万,67,2021-07-06,侠客岛,www.bilibili.com/video/BV1Kv411p7jE?from=search
影视剪辑,【2021高考季】《觉醒年代》毛泽东写文《体育之研究》获陈独秀赏识,4.0万,27,2021-06-07,央视频,www.bilibili.com/video/BV17w411Z7nC?from=search
人文历史,进击的黄侃（上）觉醒年代前的革命家,5.4万,110,2021-06-11,樊波成,www.bilibili.com/video/BV1Tf4y18715?from=search
热点,【觉醒年代】李大钊介绍五一国际劳动节由来,8.0万,97,2021-05-01,央视频,www.bilibili.com/video/BV1L54y1j7c6?from=search
校园学习,【作文素材】《觉醒年代》成高考全押大神，热血经典台词值得借鉴（附示例）,1.8万,1,2021-07-02,笔尖作文,www.bilibili.com/video/BV1564y1b7a1?from=search
影视剪辑,【觉醒年代】众人品读狂人日记,13.7万,143,2021-04-29,氯逗羰,www.bilibili.com/video/BV1BQ4y1Z7A9?from=search
影视剪辑,【觉醒年代】“他头发都没机会白...”,3.9万,159,2021-06-11,秦巴少年_,www.bilibili.com/video/BV1M54y1G7Qm?from=search
明星,"《觉醒年代》花絮,那一刻 他 就是鲁迅：“演鲁迅先生真的很幸福”",9.4万,142,2021-05-22,恋上那阿衍aa,www.bilibili.com/video/BV1C5411u7fA?from=search
社科·法律·心理,陈情令跟红楼梦并列，觉醒年代下四处猛刷。瞎的ky太让人讨厌。,2.5万,45,2021-06-25,鸽水A,www.bilibili.com/video/BV19U4y1G7Ph?from=search
影视剪辑,【觉醒年代｜10组群像】『雀跃』（重传）亲情·爱情·友情向｜部分双声道,3.2万,192,2021-06-06,追星红娘张肆月,www.bilibili.com/video/BV1oV411x7cK?from=search
影视剪辑,【觉醒年代】蔡可爱：自己三顾茅庐请回来的皮皮秀只能宠着！,5.1万,6,2021-05-30,你一定要相信光-,www.bilibili.com/video/BV1WV41177MY?from=search
影视剪辑,觉醒年代丨欢乐向丨暴躁德潜，在线怼人,13.4万,46,2021-04-23,陌起妃泽,www.bilibili.com/video/BV1Uo4y1f7Jf?from=search
日常,被闺蜜按头安利觉醒年代 ，还设置了截止期限，我现在担心她让我看完之后写思想感悟,6.5万,5,2021-06-02,迷途的羔羊br,www.bilibili.com/video/BV1fQ4y1X7Jp?from=search
人文历史,“ 爆 款 ” 来 了 ～｜狂人日记｜觉醒年代,9663,33,2021-06-29,KK邓小心,www.bilibili.com/video/BV1QU4y1g7fZ?from=search
影视剪辑,觉醒年代｜我只是第一次做人，不知道多疼也要忍｜全员回顾,3.5万,46,2021-06-14,我说白冶余狂啊,www.bilibili.com/video/BV1pw411f7rv?from=search
影视剪辑,【觉醒年代｜和光同尘】生逢乱世，即使命运如蝼蚁，但仍有人心向光明,7.9万,64,2021-05-28,莫祁Ka,www.bilibili.com/video/BV1cv411V7x6?from=search
影视剪辑,【海底】百万填词|觉醒年代版“恰少年英贤豪气”,1.2万,37,2021-06-29,大概是王大可吧,www.bilibili.com/video/BV1tU4y1V7nZ?from=search
影视剪辑,【觉醒年代】陈独秀一直记得儿子们的喜好啊，父爱无声却如山,5.1万,4,2021-05-29,Mary不在家,www.bilibili.com/video/BV1uK4y1V7eq?from=search
影视剪辑,【觉醒年代×易群先】她好勇，我好喜欢。,5.4万,2,2021-06-12,Leo冰糖葫芦,www.bilibili.com/video/BV1Vf4y187Dc?from=search
热点,五四|陈延年《觉醒年代》名场面再现，张晚意回复网友评论,9.9万,412,2021-05-03,新华网,www.bilibili.com/video/BV1yA41137EJ?from=search
影视杂谈,[觉醒年代] 就没有我鲁迅先生踩不上的点,3.5万,36,2021-06-17,爱追剧的瓜皮,www.bilibili.com/video/BV1q64y1r7hs?from=search
预告 资讯,【觉醒年代｜花絮】主易群先何孟雄陈延年柳眉对峙张丰载的片花,7.7万,172,2021-06-03,兔兔可爱怎么吃,www.bilibili.com/video/BV1W5411M7M9?from=search
音乐综合,李玉刚新歌《万疆》，搭配《觉醒年代》听哭了，网友：他最应该上春晚,4.6万,12,2021-06-23,嗨嗨音乐秀,www.bilibili.com/video/BV1oV411s7ia?from=search
影视剪辑,觉醒年代：错位时空重新填词版,5.8万,72,2021-05-22,桃子卟灵卟灵,www.bilibili.com/video/BV13K4y1G7mT?from=search
影视杂谈,觉醒年代吸粉的秘诀?很简单，致敬用心了而已！,4.3万,202,2021-06-11,吃瓜少女叨小叨,www.bilibili.com/video/BV1Eh411a7qX?from=search
影视剪辑,【觉醒年代｜欢乐向】每天一遍 烦恼再见！,2.4万,140,2021-06-25,小满日和u,www.bilibili.com/video/BV1X44y1i75V?from=search
影视剪辑,5位李大钊先生饰演者，汪涵很惊喜，《觉醒年代》张桐最契合！,5.0万,84,2021-06-17,鬼哥剑影,www.bilibili.com/video/BV1C54y1G7yk?from=search
预告 资讯,【觉醒年代｜张晚意个人花絮】未来可期！期待新剧！,4.6万,23,2021-06-09,这羊一会,www.bilibili.com/video/BV1Gw411f7dm?from=search
影视剪辑,生逢乱世，即使命运如蝼蚁，但仍有人心向阳光【觉醒年代|群像|庆祝建党一百年】,3.1万,79,2021-06-11,泡芙甜腻了,www.bilibili.com/video/BV1KK4y197Ha?from=search
影视剪辑,【觉醒年代】戏精篇：老子临走前干票大的，活埋张丰载！,13.0万,98,2021-05-05,金兰小富贵儿,www.bilibili.com/video/BV1uQ4y1o7YN?from=search
影视剪辑,【觉醒年代】易群先：我哭倒长城，砸死你,12.1万,72,2021-05-16,咸鱼没有假期,www.bilibili.com/video/BV1xQ4y1o7z1?from=search
预告 资讯,《觉醒年代》导演张永新白玉兰奖归来，详解观众的“意难平”,2.3万,316,2021-06-29,四味毒叔官方,www.bilibili.com/video/BV1uX4y1w7fK?from=search
人文历史,【觉醒年代】陈独秀：大钊走了，延年不在，我也要离开了,2.5万,47,2021-06-29,一颗进击的糖,www.bilibili.com/video/BV11o4y1Q7iU?from=search
演奏,【全网首发】钢琴演奏《觉醒年代》主题曲，看到最后瞬间泪目！——【建党100周年献礼作品】,1.9万,66,2021-06-26,新兰的乐章,www.bilibili.com/video/BV1CB4y1K7NE?from=search
人文历史,【觉醒年代】陈独秀：大钊走了，延年不在，我也要离开了,2.5万,47,2021-06-29,一颗进击的糖,www.bilibili.com/video/BV11o4y1Q7iU?from=search
演奏,【全网首发】钢琴演奏《觉醒年代》主题曲，看到最后瞬间泪目！——【建党100周年献礼作品】,1.9万,66,2021-06-26,新兰的乐章,www.bilibili.com/video/BV1CB4y1K7NE?from=search
影视剪辑,《觉醒年代》于和伟演技炸裂！,4.7万,19,2021-06-19,军君爱剪辑,www.bilibili.com/video/BV11U4y157Cp?from=search
影视杂谈,【看片番】疯狂输出！全网首个觉醒年代赵世炎单人卡段Reaction,3.1万,244,2021-06-26,巨有钱的饭,www.bilibili.com/video/BV1x54y1H7sd?from=search
影视剪辑,【陈独秀|陈延年】 果然是亲父子【觉醒年代】,4.7万,1,2021-06-10,哭唧唧的小疯狗,www.bilibili.com/video/BV1ry4y1u73j?from=search
影视剪辑,【觉醒年代】刘师培个人向·申叔 | 我 为 你 梦 入 戏,5.0万,112,2021-05-04,蘸糖吃西红柿,www.bilibili.com/video/BV1rv411j7QU?from=search
影视剪辑,【觉醒年代】搞笑篇 傅斯年：跑死我算了。,12.5万,90,2021-05-07,金兰小富贵儿,www.bilibili.com/video/BV1VB4y1w7ix?from=search
影视剪辑,【觉醒年代】世界上只有两个好人，一个是蔡元培，另一个就是我辜鸿铭......,4.5万,1,2021-06-17,饭之律者的崛起,www.bilibili.com/video/BV1Uy4y1u7ho?from=search
影视杂谈,台湾网友看【觉醒年代】获得白玉兰奖，感觉实至名归,7.0万,16,2021-06-11,台湾老公举,www.bilibili.com/video/BV1G44y167dn?from=search
社科·法律·心理,觉醒年代：美国背弃公理，他振臂一呼：“让人民自己出来解决问题吧！”,9.4万,138,2021-05-10,观学院官方,www.bilibili.com/video/BV1yq4y177hs?from=search
影视杂谈,【理娱】大制作，小心思——献礼剧请照着《觉醒年代》拍！,7.0万,284,2021-06-01,理娱打挺疼,www.bilibili.com/video/BV1GK4y137p5?from=search
音乐综合,“网红歌”经过改编，得到官媒认可，配上《觉醒年代》立马泪奔！,1.8万,0,2021-07-08,蘑菇头音乐,www.bilibili.com/video/BV1k44y1q7Rc?from=search
日常,"#觉醒年代#【陈延年,陈乔年】合肥延乔路致敬英雄～建党100周年",1.3万,10,2021-07-01,二皮鬼,www.bilibili.com/video/BV1qy4y1M7cR?from=search
影视剪辑,觉醒年代 | 世炎在法国得知延年兄弟转变信仰,1.1万,0,2021-07-10,讨厌他凯凯,www.bilibili.com/video/BV1rX4y1w74b?from=search
鬼畜调教,【觉醒年代】德潜先生想要豫才先生帮忙,4.1万,72,2021-06-14,欧文丽贝卡,www.bilibili.com/video/BV1RU4y1V7ZH?from=search
影视剪辑,[觉醒年代黄侃个人向]侃子哥也可以很温柔,4.6万,48,2021-06-14,胖胖一只鹅,www.bilibili.com/video/BV14B4y1M7Kr?from=search
影视剪辑,【觉醒年代欢快向|钱玄同黄侃】北大二疯，兄友弟恭。,2.6万,11,2021-06-20,鹿鹿鹿鹿人乙,www.bilibili.com/video/BV1z54y1G7uD?from=search
影视剪辑,【觉醒年代】“延乔路的尽头，是繁华大道”,6.9万,59,2021-05-08,小冯同学今天开心了吗,www.bilibili.com/video/BV1n64y1C7WV?from=search
影视剪辑,【觉醒年代】编辑部的内卷日常,5.4万,29,2021-06-14,蒜香烤鱼儿,www.bilibili.com/video/BV1Cf4y187P9?from=search
影视剪辑,【觉醒年代|军师联盟】曹郭/陈鲁“从建安元年到一九一八。”,5.8万,199,2021-05-14,恶童姜戈,www.bilibili.com/video/BV1Aq4y1n7tV?from=search
影视剪辑,【觉醒年代｜刘师培】北大校花 申叔｜儒雅矜贵病美人｜弱柳扶风林黛玉 ｜唇枪舌战毒舌教授 ｜“文人风骨 君子和而不同”台词向,4.1万,15,2021-06-14,Obliviate-Yolo,www.bilibili.com/video/BV1VQ4y19727?from=search
预告 资讯,【预告】众多革命大剧继《觉醒年代》续写毛陈李三人史诗，打造我党电视宇宙,12.0万,91,2021-05-10,叶雨清影,www.bilibili.com/video/BV1To4y1m77a?from=search
影视剪辑,【觉醒年代丨陈独秀×陈延年】父子俩的脾气一模一样，明明很在乎却总是口是心非,2.0万,26,2021-06-28,等.,www.bilibili.com/video/BV19g411M7B1?from=search
翻唱,【觉醒年代|请笃信一个梦】泪崩!BGM配适度达99.9%!一开口我就破防了!多希望你们能长命百岁啊!百年风华，盛世如愿，致敬先烈！,9966,27,2021-07-05,Azure蔚蓝团,www.bilibili.com/video/BV1Gw411Z7P1?from=search
影视杂谈,【油管纯纯纯评论】台湾人聊《觉醒年代》底下的评论,6.8万,1,2021-06-12,报告兔长官,www.bilibili.com/video/BV1N64y1d7QG?from=search
翻唱,【赤伶x觉醒年代】超燃翻唱!!!“位卑未敢忘忧国，哪怕无人知我”,3.3万,188,2021-06-11,小唐人组合,www.bilibili.com/video/BV1H44y167oG?from=search
美食侦探,觉醒年代同款涮羊肉吃法真的是绝绝子,1.6万,1,2021-07-08,老北京呐,www.bilibili.com/video/BV1eM4y1M7YF?from=search
影视剪辑,觉醒年代||回忆群像剪辑 “如果演员演戏的时候并非本人而是角色短暂的苏醒。”,6.9万,233,2021-04-21,梁亦木,www.bilibili.com/video/BV1Up4y1t7xa?from=search
影视剪辑,【觉醒年代】陈乔年履历首次公开，兄长陈延年的职业赫然写着革命！,4.9万,1,2021-05-27,吃完瓜来磕CP,www.bilibili.com/video/BV13b4y1Z7LK?from=search
影视剪辑,觉醒年代【陈延年、陈乔年】【如果声音不记得】这盛世如你们所愿，没人再敢欺负我们，我们很幸福。谢谢！,2.2万,42,2021-06-25,Serious丶丶,www.bilibili.com/video/BV1Ko4y1C76W?from=search
影视剪辑,【觉醒年代】搞笑篇：俭洁食堂第一天开业，全体赖床，笑死,11.2万,177,2021-05-09,金兰小富贵儿,www.bilibili.com/video/BV1fK4y1R7y2?from=search
影视剪辑,觉醒年代中礼仪时刻,9.0万,12,2021-04-21,田间の雏子,www.bilibili.com/video/BV1e5411c7RW?from=search
影视杂谈,【觉醒年代Re】第三集～敬告青年！燃起来啦！,1.2万,258,2021-07-03,婧婧婧婧婧姐,www.bilibili.com/video/BV1HX4y1P7t2?from=search
影视剪辑,【觉醒年代 | 张晚意 | 陈延年个人向】就借这月光，再与你对望，不管落魄风光，我都为你守望,7.9万,63,2021-05-05,兰珏佩之,www.bilibili.com/video/BV1ZB4y1c7md?from=search
影视剪辑,【觉醒年代|辜鸿铭】看辜鸿铭怎么骂人的,9.4万,18,2021-05-14,嘉嘉最有爱了,www.bilibili.com/video/BV13Q4y1o7RU?from=search
影视剪辑,［觉醒年代］李大钊先生一家吃涮羊肉，一波三折。,8861,4,2021-07-12,巴拉巴拉巴拉巴biu,www.bilibili.com/video/BV1nb4y1k7Jp?from=search
鬼畜调教,【觉醒年代】用魔法催稿的仲甫先生,5.1万,56,2021-06-04,欧文丽贝卡,www.bilibili.com/video/BV1cq4y177PA?from=search
影视杂谈,【觉醒年代】怎样才能拥有像延年乔年这样的哥哥？,14.6万,508,2021-04-08,深眸眼绿484,www.bilibili.com/video/BV1rB4y1P7SZ?from=search
热点,致敬先烈！我们如今的美好生活就是觉醒年代最好的续集！【DV短评】,9920,43,2021-07-01,DV现场,www.bilibili.com/video/BV1y54y1J7XX?from=search
影视剪辑,【觉醒年代】欢快剧场:封  建  大  家  长,8.3万,20,2021-05-02,氟氯溴碘--,www.bilibili.com/video/BV1ap4y147hc?from=search
影视剪辑,【觉醒年代】张丰载这一摔我也就看了一百来遍吧哈哈哈,14.2万,45,2021-04-22,古城小道い,www.bilibili.com/video/BV1Zh411U71Y?from=search
影视剪辑,乔年长大了，终于理解了父亲，化开了心结【觉醒年代】陈独秀出狱...,10.8万,98,2021-04-29,Alice环环,www.bilibili.com/video/BV1HK4y1N7e5?from=search
影视剪辑,【觉醒年代】众所周知，陈独秀是说相声的,12.1万,109,2021-04-17,卿酒酒汐浠,www.bilibili.com/video/BV1e64y1m7Fi?from=search
影视剪辑,"敢爱敢恨&quot;你可以喜欢别人,但不影响我喜欢你&quot;[觉醒年代]易群先X何孟雄，意难平CP不止延年和柳眉",4.2万,38,2021-06-18,Alice环环,www.bilibili.com/video/BV1YU4y157Yx?from=search
短片,觉醒年代 ，胡先生被江冬秀管的服服帖帖的，啧啧  胡适  江冬秀  陈独秀  李大钊    妻管严,10.5万,22,2021-05-19,撅腚得鸭子,www.bilibili.com/video/BV1f64y1C7Ff?from=search
影视剪辑,【觉醒年代|陈延年|张晚意】大背头的延年哥哥也要有怼脸视频!!!,1.6万,19,2021-06-23,无糖百事-sk,www.bilibili.com/video/BV1Z44y1B7jN?from=search
影视剪辑,“你守着国，我守着家”【李大钊x赵纫兰|觉醒年代】,4.6万,63,2021-05-24,有颗小树儿,www.bilibili.com/video/BV1pv411L7nx?from=search
日常,【观学院现场播报】《觉醒年代》专场 编剧大佬，延年，乔年都来了！,9.9万,336,2021-04-27,观学院官方,www.bilibili.com/video/BV1Uv411L7La?from=search
影视剪辑,【觉醒年代】陈独秀抖包袱合集,6.3万,153,2021-05-29,一块饼干i,www.bilibili.com/video/BV1vo4y117CZ?from=search
明星,【花絮】觉醒年代 人物特辑完整版，马少骅谈蔡元培，一气呵成的演讲，一位大家的塑造，拍这个戏很舒服。,8.2万,231,2021-05-19,恋上那阿衍aa,www.bilibili.com/video/BV1b5411u7Wv?from=search
影视剪辑,【觉醒年代】大家再也聚不到一起了   郭心刚•陈延年•陈乔年•赵世炎•邓中夏,4.6万,42,2021-06-04,凌晨之鬼,www.bilibili.com/video/BV1uo4y12736?from=search
影视剪辑,&quot;这是君曼女士给我蒸的包子&quot;...陈独秀父子的搞笑日常[觉醒年代|欢乐向],8.9万,41,2021-05-14,Alice环环,www.bilibili.com/video/BV1g54y1L7Lz?from=search
影视剪辑,卧槽！民国林黛玉有内味儿了！！【觉醒年代】,6.3万,157,2021-05-25,是璐璐欧尼啊,www.bilibili.com/video/BV1Zb4y1o7LW?from=search
明星,撒贝宁预言《觉醒年代》高考押题成功！看过的考生都在窃喜,4.7万,0,2021-06-07,star星视频,www.bilibili.com/video/BV1hv411V7uu?from=search
影视剪辑,找了很多版陈延年被害现场，才看懂了觉醒年代里去留学路上的暗喻。,5.0万,6,2021-06-16,阿鹅是嘤嘤怪,www.bilibili.com/video/BV1Pf4y1h7rj?from=search
人文历史,觉醒年代，如何觉醒,3.6万,60,2021-05-27,南风窗,www.bilibili.com/video/BV1Xb4y1o7Ri?from=search
影视剪辑,【觉醒年代・朱刚日尧】这剧的都火了 他差啥啊！,4.1万,68,2021-06-10,西山月光,www.bilibili.com/video/BV1rh411e7gY?from=search
预告 资讯,【张晚意‖觉醒年代 花絮混剪】愿你以后一切都安好，脚踏实地……,1.7万,17,2021-07-01,微风知晚意,www.bilibili.com/video/BV1tf4y1b7mN?from=search
影视剪辑,【觉醒年代｜鲁迅】就三件事我办:吃东西，写小说，与敌人抗争，别的事我一概都不感兴趣,3.3万,50,2021-06-13,kon则言yye,www.bilibili.com/video/BV1X5411M7nV?from=search
热点,《觉醒年代》名场面“顶流之崛起”，就发生在这里,9276,2,2021-07-04,环球时报,www.bilibili.com/video/BV1h64y1b7Tw?from=search
预告 资讯,【张晚意‖觉醒年代 花絮混剪】愿你以后一切都安好，脚踏实地……,1.7万,17,2021-07-01,微风知晚意,www.bilibili.com/video/BV1tf4y1b7mN?from=search
影视剪辑,【觉醒年代｜鲁迅】就三件事我办:吃东西，写小说，与敌人抗争，别的事我一概都不感兴趣,3.3万,50,2021-06-13,kon则言yye,www.bilibili.com/video/BV1X5411M7nV?from=search
热点,《觉醒年代》名场面“顶流之崛起”，就发生在这里,9276,2,2021-07-04,环球时报,www.bilibili.com/video/BV1h64y1b7Tw?from=search
影视剪辑,觉醒年代:陈独秀经典名场面,13.6万,34,2021-04-09,Bubble小鱼儿,www.bilibili.com/video/BV15K4y1K72L?from=search
影视剪辑,【觉醒年代 陈独秀】一个人要走多久 经历多少牺牲 才能从激进走到保守？,2.0万,13,2021-06-29,x麦片杀手,www.bilibili.com/video/BV1Qo4y1Q7Ec?from=search
明星,【觉醒年代F4直播】哥哥们太爱我了怎么办,5917,3,2021-07-11,冷月花魂3,www.bilibili.com/video/BV14f4y1L7cU?from=search
鬼畜调教,【觉醒年代】我德潜先生就是不服,9.3万,64,2021-05-02,欧文丽贝卡,www.bilibili.com/video/BV1b54y1j7gq?from=search
影视剪辑,【觉醒年代】延炎夏日，乔木成荫（欢乐向）,8.6万,122,2021-05-02,小脆皮和小饼干,www.bilibili.com/video/BV1wf4y1W7bv?from=search
影视剪辑,【觉醒年代｜张晚意｜陈延年台词向】少年的肩上有清风明月和国家担当，挑起时代的脊梁。,6.9万,79,2021-04-26,啵妹9785,www.bilibili.com/video/BV1Mh411m7Rd?from=search
影视剪辑,【觉醒年代】陈延年:封建大家长竟是我自己？,15.3万,16,2021-04-15,古城小道い,www.bilibili.com/video/BV19i4y1w7aW?from=search
明星,2018年觉醒年代 里 于和伟定妆,4.7万,37,2021-06-08,青蛙嘎咕咕咕,www.bilibili.com/video/BV1SV41147Dj?from=search
影视杂谈,【觉醒年代Re】第二集～归国！绝不做局外人！,1.7万,216,2021-06-27,婧婧婧婧婧姐,www.bilibili.com/video/BV1j64y197We?from=search
影视剪辑,三刷觉醒年代 突然发现延年在看到柳眉去照顾老爷爷生意时笑了一下  小磕小磕,4.4万,2,2021-06-18,前胸如后背丫,www.bilibili.com/video/BV1LM4y1u7N2?from=search
绘画,历史课一抬头天空出现“鲁迅”是一种什么体验？【觉醒年代yyds】,3398,9,2021-07-11,蹦蹦是天才呐,www.bilibili.com/video/BV1Jf4y1L7hP?from=search
影视剪辑,觉醒年代:民国好媳妇，高君曼，却嫁给了姐夫，陈独秀,15.9万,7,2021-04-09,Bubble小鱼儿,www.bilibili.com/video/BV1jX4y137sU?from=search
影视剪辑,【觉醒年代】火了陈独秀，那他结局又如何,7.7万,50,2021-05-22,成年之前,www.bilibili.com/video/BV1f5411u7jN?from=search
影视剪辑,觉醒年代  辜鸿铭：胡适之你的英语是下等人的英语！我说的才是正宗的伦敦腔！胡适：先生说得对但我每个月比你多争20银元你说气人不气人！,8.3万,137,2021-05-24,我是韩亮韩先生,www.bilibili.com/video/BV1gA41137vX?from=search
影视剪辑,【觉醒年代】辜鸿铭| 我吹爆这个可爱的老头子,9.4万,350,2021-05-04,海瑟薇泗泗,www.bilibili.com/video/BV1mA41137YJ?from=search
影视剪辑,【觉醒年代】偶像剧男主的宠溺笑跟这比，我觉得输了。,5.9万,7,2021-05-27,崔韩率是我老婆,www.bilibili.com/video/BV1Rv411G7e1?from=search
影视剪辑,【觉醒年代】“陈独秀先生带来的，高君曼女士蒸的”,6.5万,41,2021-06-01,陈大佬吖,www.bilibili.com/video/BV1rv411V75U?from=search
校园学习,把《觉醒年代》里的经典台词写进作文很加分,10.0万,9,2021-04-30,严冬硬笔手写,www.bilibili.com/video/BV1hf4y1p72X?from=search
影视剪辑,《觉醒年代》  北大众教授送别陈独秀   （太好哭了）,7.8万,56,2021-05-24,老吴碎碎念,www.bilibili.com/video/BV1854y1V7cb?from=search
影视剪辑,【觉醒年代】我拥过你拥过的晚风|小提琴版,2.4万,59,2021-06-16,秦巴少年_,www.bilibili.com/video/BV1wM4y1u7vL?from=search
预告 资讯,【刘琳】——《觉醒年代》幕后花絮,21.5万,199,2021-02-16,金沙江畔1,www.bilibili.com/video/BV1aK4y1Q7Ju?from=search
鬼畜调教,【觉醒年代】我季刚先生也不服（文明对线）,8.3万,67,2021-05-04,欧文丽贝卡,www.bilibili.com/video/BV1PK4y1d7hs?from=search
影视剪辑,【觉醒年代】延年乔年：论好哥哥的自我修养,14.3万,246,2021-03-22,捷鸣君_jmj,www.bilibili.com/video/BV1zh411Q7gB?from=search
影视杂谈,台湾人聊《觉醒年代》：原来台湾人也不喜欢胡适！,6.0万,27,2021-06-08,报告兔长官,www.bilibili.com/video/BV1vb4y1d7Ln?from=search
短片,《觉醒年代》陈独秀入狱......,4.3万,26,2021-06-09,剪辑的双鱼儿,www.bilibili.com/video/BV1Bv411p7PD?from=search
影视剪辑,【觉醒年代青年爱情组】原来‘民国爱情十有九悲’是真的！,5.6万,51,2021-05-26,木三川圣,www.bilibili.com/video/BV16N411Z7sE?from=search
影视剪辑,“皆是我曾途径路，不过两鬓雪与霜”||觉醒年代陈独秀·让酒个人向·于和伟,4223,15,2021-07-09,爱穿袜子的猫,www.bilibili.com/video/BV1wU4y137MA?from=search
影视剪辑,【觉醒年代】陈独秀：又是父子互斗的一天，无语啊！高君曼：你就是死鸭子嘴硬！,9.3万,282,2021-05-09,金兰小富贵儿,www.bilibili.com/video/BV1sU4y1t7bQ?from=search
影视剪辑,觉醒年代：什么样的国家，能够让一个人一夜白头？,2.1万,2,2021-06-14,吃着泡面看歌剧,www.bilibili.com/video/BV1mB4y1M7vB?from=search
明星,【20210508】面对面专访《觉醒年代》主创人员-张晚意Part,8.1万,226,2021-05-10,IceHockey940422,www.bilibili.com/video/BV1Z54y157tL?from=search
影视剪辑,【觉醒年代】鲁迅：我就要和他林琴南一决高低！,9.1万,211,2021-05-09,金兰小富贵儿,www.bilibili.com/video/BV1y64y127ip?from=search
影视剪辑,【觉醒年代】陈延年 陈乔年‖少年中国说,6.7万,65,2021-04-20,-Kaylor--,www.bilibili.com/video/BV1sA411V78P?from=search
影视剪辑,觉醒年代:最让人惊艳的两个人物出场 教员和鲁迅先生,11.6万,300,2021-04-05,小糖人la,www.bilibili.com/video/BV1qK411w7wH?from=search
影视剪辑,【觉醒年代 | 邓中夏】他也是一位夏若繁花的少年呐！！,5.5万,53,2021-05-10,崔金李,www.bilibili.com/video/BV1gV411E7C4?from=search
影视剪辑,【觉醒年代】 看来大家都挺喜欢乔年的小奶音哈哈哈哈,4.4万,1,2021-06-10,今天来帅哥了吗,www.bilibili.com/video/BV13U4y157hE?from=search
影视剪辑,【觉醒年代 09】 完美诠释了男女出门的区别,11.0万,9,2021-04-25,朝时观雨,www.bilibili.com/video/BV1ey4y1s72H?from=search
明星,【觉醒年代导演再谈陈延年选角】天给的那束光，是延年选了晚意,1.9万,4,2021-07-02,张晚意输出机,www.bilibili.com/video/BV1XX4y1c79t?from=search
影视剪辑,【觉醒年代】全B站贪恋申叔美貌的人 联合起来！！！,5.5万,152,2021-05-13,muse-v,www.bilibili.com/video/BV1rN411o7pG?from=search
人文历史,《觉醒年代》中的重大误区：黄侃怎么会和辜鸿铭、林纾搞在一起？,13.9万,44,2021-04-11,达摩说,www.bilibili.com/video/BV16Z4y1c794?from=search
翻唱,【觉醒年代 x《光的方向》翻唱】副歌一嗓子出来全程鸡皮疙瘩！社会主义绝不辜负中国！这盛世如您所愿！,1.2万,31,2021-07-01,ErrorX音乐站,www.bilibili.com/video/BV1bf4y1b7Dj?from=search
影视剪辑,【觉醒年代 | 世炎】在你我的学生时代，都会有一位像世炎一样的学长吧,5.3万,28,2021-05-01,崔金李,www.bilibili.com/video/BV1H64y1U7nK?from=search
野生技能协会,"【PR教程】觉醒年代版的定格节拍卡点,有多绝？",1881,0,2021-07-14,PR教程-,www.bilibili.com/video/BV1qV411H7Lg?from=search
影视剪辑,【觉醒年代 | 少年中国说】“ 少年自有少年狂，身似山河挺脊梁。”,8.6万,31,2021-04-20,-十七日尾-,www.bilibili.com/video/BV1dK411F7vK?from=search
社会,一秒穿越！带你进入“觉醒年代”,1.3万,0,2021-06-29,新华社快看,www.bilibili.com/video/BV14g411u7Jv?from=search
影视剪辑,【觉醒年代】真的有人为了家国恨一夜白头。郭心刚与白兰又一对革命伴侣，致敬！,8.2万,62,2021-05-11,金兰小富贵儿,www.bilibili.com/video/BV1gQ4y1o7wm?from=search
预告 资讯,【觉醒年代】理想照耀中国导演：这拍得多好，我说心里话，这不是一跑道好吗？我写的是诗，它是长篇小说,5.5万,113,2021-06-08,顿顿都小心,www.bilibili.com/video/BV1AB4y1M71u?from=search
影视剪辑,【觉醒年代｜BG群像】不老梦｜于万人中万幸得以相逢,9988,68,2021-06-27,白十五Jr,www.bilibili.com/video/BV1QB4y1K7YG?from=search
影视剪辑,【觉醒年代】我居然被一个鸽子感动到了！,7.9万,62,2021-05-16,金兰小富贵儿,www.bilibili.com/video/BV1Qq4y177ZX?from=search
影视剪辑,[觉醒年代|章士钊]谦谦君子，不外如是(行严先生个人向),4433,5,2021-07-11,胖胖一只鹅,www.bilibili.com/video/BV1po4y1X7vy?from=search
影视剪辑,【觉醒年代】 真  ·  乱  世  巨  星,1.3万,85,2021-06-21,小朱好,www.bilibili.com/video/BV1eM4y1u7yB?from=search
影视剪辑,陈延年 ：爸，你认真的？[觉醒年代],3.9万,2,2021-06-06,哭唧唧的小疯狗,www.bilibili.com/video/BV1M44y167gK?from=search
明星,觉醒年代yyds！冲浪少女郑合惠子爱看晋江霸总文？不花钱的都不看哈哈！,4.5万,43,2021-06-06,小婉littlebowl,www.bilibili.com/video/BV1Dh411Y7TY?from=search
影视剪辑,【觉醒年代】绝世小可爱乔年的眼睛像繁星,1.5万,7,2021-06-21,怀抱希望呀,www.bilibili.com/video/BV1Ny4y1g7F5?from=search
热点,“《觉醒年代》有续集吗？我们现在的幸福生活就是续集！”,6.9万,34,2021-04-26,中国青年报,www.bilibili.com/video/BV19A411V7nZ?from=search
社会,新青年帆布袋、陈独秀人物徽章……觉醒年代系列文创火了,3.0万,47,2021-05-30,北京日报客户端,www.bilibili.com/video/BV1zh411Y7yB?from=search
日常,《觉醒年代》摘录第四弹！｜钢笔声控·笔触音助眠·治愈系列,1192,1,2021-07-14,今天不吃炒酸奶,www.bilibili.com/video/BV1gP4y147t1?from=search
影视剪辑,【觉醒年代】延年乔年欢乐向剪辑（没有刀!）,7.4万,166,2021-04-24,皖旖,www.bilibili.com/video/BV1Yh411S7nJ?from=search
热点,《觉醒年代》“续集”来了？看“南陈北李”走进北大带你解读新青年！,6.4万,144,2021-05-05,中国青年报,www.bilibili.com/video/BV1854y157MH?from=search
手工,《觉醒年代》｜手写声控｜“透亮且暖”的橙色｜白噪音｜笔触音｜助眠解压,8268,9,2021-07-05,甜IAN7,www.bilibili.com/video/BV1o54y1J7Er?from=search
影视剪辑,【百万填词】觉醒年代版《海底》“来时少年身，归去英雄魂”,1.1万,23,2021-06-28,大概是王大可吧,www.bilibili.com/video/BV1tv411W71S?from=search
影视剪辑,小可爱陈乔年:哼!鸡没打鸣害我晚起...[觉醒年代|欢乐向]工读食堂开业第一天,7.7万,35,2021-05-07,Alice环环,www.bilibili.com/video/BV1yp4y147EK?from=search
影视剪辑,[觉醒年代]|高燃|知不可为而为之，虽千万人吾往矣,5.8万,66,2021-05-04,你是无意弄堂风,www.bilibili.com/video/BV1Lv411j71L?from=search
影视剪辑,【觉醒年代群像||百战成诗‖建党百年献礼】“以笔为刃，这是文人的战场。”,1.3万,32,2021-06-26,En米米妮,www.bilibili.com/video/BV1Kb4y1C76S?from=search
日常,经典顺滑！宝特瓶我能用一辈子！🙈/手写声控/《觉醒年代》第三弹！,8250,3,2021-07-07,今天不吃炒酸奶,www.bilibili.com/video/BV19q4y1p7E9?from=search
影视剪辑,万疆觉醒年代张晚意世人皆知陈独秀，不知两子亦是人间龙....,3607,2,2021-07-10,玥玥电视小剧场,www.bilibili.com/video/BV1Ko4y1X7eS?from=search
热点,思政课神还原《觉醒年代》！延年、乔年“梦幻联动”！,6.6万,82,2021-04-26,中国青年报,www.bilibili.com/video/BV14Z4y1F7X7?from=search
影视剪辑,【觉醒年代】“我们中国人就应该像畜生一样任人宰割吗？”,5.4万,61,2021-05-07,挽豆荚,www.bilibili.com/video/BV1UA411376r?from=search
日常,【林俊毅||日常】小林带你打卡觉醒年代同款路线,2.2万,98,2021-06-19,林俊毅-Jonny宣传安利菌,www.bilibili.com/video/BV1iq4y1L7Ak?from=search
影视剪辑,【觉醒年代】可爱CUT：我愿称之为最拽辞职，蔡校长和鲁迅先生都太可爱了~~~,3.8万,9,2021-06-08,今天看哈么,www.bilibili.com/video/BV1ig411G7A6?from=search
校园学习,【作文素材】《觉醒年代》中的十大作文金句,3.2万,0,2021-06-12,作文素材积累库,www.bilibili.com/video/BV1q5411K77g?from=search
影视剪辑,【觉醒年代】陈延年×陈乔年,4637,1,2021-07-04,燕燕的小仓库,www.bilibili.com/video/BV18h411h74p?from=search
影视剪辑,【觉醒年代】赵世炎到陈独秀家蹭吃，并带来两个坏消息.,4.1万,7,2021-06-09,深海婆婆,www.bilibili.com/video/BV1zy4y1u7ZX?from=search
影视杂谈,【快评24】香蕉人胡适：藏不住的政客（觉醒年代）,10.3万,1093,2021-03-25,一如应,www.bilibili.com/video/BV1dh411S7Jv?from=search
影视剪辑,【觉醒年代】觉醒年代的每一个细节都让我叹服，这是文人的风骨，更是中国的风骨,3.4万,1,2021-05-24,空尘剪辑馆,www.bilibili.com/video/BV1WB4y1u78C?from=search
影视剪辑,觉醒年代陈独秀丨这苦是我自找的 我情愿的 只是 把你们连累了！,4429,5,2021-07-12,能说会道的丫头片子,www.bilibili.com/video/BV1AV411s7PF?from=search
影视剪辑,《觉醒年代》后 新剧《光荣与梦想》他们又同框了,6.1万,85,2021-05-26,洪少侠的时长老,www.bilibili.com/video/BV1KA41137hC?from=search
影视剪辑,【觉醒年代|陈独秀】“生逢乱世，仍有人心向光明”,5827,15,2021-07-06,宿世常安,www.bilibili.com/video/BV1ch411a7LQ?from=search
短片·手书·配音,【觉醒年代】刘师培‖I AM THE MAN,1.1万,15,2021-06-24,z仔今天画画了吗,www.bilibili.com/video/BV1xf4y1t7VW?from=search
影视剪辑,“热爱105℃的侃侃”doge【觉醒年代/黄侃个人】,2.5万,43,2021-06-16,-时闻折竹声-,www.bilibili.com/video/BV1hX4y1A7sh?from=search
影视剪辑,【觉醒年代】于和伟×周显欣,2.1万,1,2021-06-16,燕燕的小仓库,www.bilibili.com/video/BV1AM4y1u7aw?from=search
明星,觉醒年代搞笑名场面，革命先烈也这么可爱，给我笑趴了,2.7万,11,2021-06-19,慕色梦境,www.bilibili.com/video/BV1Xb4y1d73T?from=search
影视剪辑,觉醒年代小细节，泥泞路，砖头，三人行,5457,1,2021-07-11,保温杯里记得泡枸杞吖,www.bilibili.com/video/BV1GB4y1N7J8?from=search
影视剪辑,【觉醒年代】辜汤生    辜鸿铭  见别人vs见蔡先生,2.5万,5,2021-06-24,兔子DAYTOY28,www.bilibili.com/video/BV1Qg411M7VQ?from=search
影视剪辑,【张晚意｜觉醒年代】可爱沙雕的延年,7.1万,36,2021-04-21,栖洲z,www.bilibili.com/video/BV1a5411c7Ae?from=search
影视剪辑,【觉醒年代·光的方向 】从前没有路 都是他们走出来的,1.3万,81,2021-06-26,KeHH,www.bilibili.com/video/BV11o4y1k7QY?from=search
明星,林俊毅打篮球vlog【觉醒年代赵世炎扮演者林俊毅】,6.3万,97,2021-05-15,猪猪要勇敢,www.bilibili.com/video/BV1zK4y1d7xv?from=search
影视剪辑,觉醒年代细节，辜鸿铭漱口,6442,0,2021-07-11,保温杯里记得泡枸杞吖,www.bilibili.com/video/BV16y4y1K7vt?from=search
影视剪辑,【觉醒年代】辞职的五种姿势,5.5万,26,2021-05-21,一块饼干i,www.bilibili.com/video/BV1tB4y1F7fG?from=search
影视剪辑,【觉醒年代‖刘师培个人】美人就要配苏幕遮‖彼其之子，美如玉,7.5万,87,2021-04-17,霍家小小小涵儿,www.bilibili.com/video/BV1pf4y1s7v4?from=search
影视剪辑,【觉醒年代/群像】只要我剪的够欢乐  刀子就追不上我,4.3万,28,2021-05-06,想做老易的心上人,www.bilibili.com/video/BV1b84y1c7Vp?from=search
影视剪辑,【觉醒年代|辜鸿铭x蔡元培】谁敢动我蔡公？不能够！追星反黑一把手,2.8万,31,2021-06-11,异旅柠檬,www.bilibili.com/video/BV1YV41147R5?from=search
影视剪辑,【延乔】|“我真是很想他啊”|四部影视作品中的陈延年陈乔年|《觉醒年代》《我们的法兰西岁月》《M Z D》《寻路》|混剪|,1.6万,37,2021-06-24,-杰里杰气-,www.bilibili.com/video/BV17b4y1C7Kp?from=search
影视剪辑,【觉醒年代｜鲁迅】先生每一次的笑容都让我很心动,1.2万,9,2021-06-19,鬼市路人甲,www.bilibili.com/video/BV1U5411K7ts?from=search
影视剪辑,【觉醒年代丨高燃向】今日的繁华他们一定看到了吧,2.4万,65,2021-06-05,二创君,www.bilibili.com/video/BV1Zo4y1C7RS?from=search
影视剪辑,纪•陈延年就义94周年 | 觉醒年代&我们的法兰西岁月 | 张晚意&张风 | 请笃信一个梦,7286,23,2021-07-04,-不恰柠檬-,www.bilibili.com/video/BV1Pw411Z7Jc?from=search
影视剪辑,【觉醒年代】选角有多绝？仿佛从历史中走来,4.7万,0,2021-06-03,嗯嗯怪很奇怪,www.bilibili.com/video/BV14K4y1V7At?from=search
影视剪辑,觉 醒 年 代 | 原来老师让我们在课本上勾画的重点，却是他们的一生...,4.7万,12,2021-05-09,秦大仙儿JL,www.bilibili.com/video/BV1UK4y1R7DY?from=search
影视剪辑,【觉醒年代】陈延年:又是宠傻弟弟的一天我:又是羡慕有哥哥的人的一天(●—●)我不配,3.5万,5,2021-05-19,烟妖mimi,www.bilibili.com/video/BV1p44y1r7Cq?from=search
影视剪辑,盘点觉醒年代小细节，火锅 你们要的陈独秀火锅蘸料！在视频里了！,1.2万,1,2021-07-06,保温杯里记得泡枸杞吖,www.bilibili.com/video/BV15q4y1x7Hf?from=search
影视剪辑,【觉醒年代｜陈延年】“鲜血黏稠，热血正滚烫”,1.9万,7,2021-06-03,限量发行小甜饼,www.bilibili.com/video/BV12U4y1L7H9?from=search
影视剪辑,【觉醒年代 | 查文浩 | 邓中夏】救命！我真的真的太喜欢中夏了，处变不惊的样子真的让人心动！,2.1万,34,2021-06-12,瓷瓷_茶白,www.bilibili.com/video/BV1uB4y1M7Ba?from=search
影视剪辑,【觉醒年代|刘师培】“趁这奈何天，梦里暂相见” |儒雅病美人,2.1万,54,2021-06-06,心凉是薄荷,www.bilibili.com/video/BV1rv411V7GZ?from=search
影视剪辑,【觉醒年代｜可可爱爱】不一样的个性，但一样的可爱！想把所有好吃的都给他们！！,2.5万,33,2021-06-06,丸子也有心事,www.bilibili.com/video/BV1zy4y137we?from=search
热点,司马南：觉醒年代的呼唤，李大钊：劳工神圣！ 纪念五一劳动节,3.7万,192,2021-05-02,司马南,www.bilibili.com/video/BV19K4y1w72D?from=search
社会,电视剧《觉醒年代》“押中”湖北高考作文题！,3.4万,4,2021-06-07,青春湖北,www.bilibili.com/video/BV16K4y1X7o6?from=search
影视剪辑,【觉醒年代|陈延年|张晚意|你有没有见过他】你看，他眉眼的山光和水色,6.1万,114,2021-04-08,不悟兰因,www.bilibili.com/video/BV1Ei4y1A7AN?from=search
影视剪辑,【觉醒年代|陈延年】台词向 | 张晚意演活了陈延年，又把他永远留在了那里,3.5万,20,2021-05-08,Challenge_LIHUI,www.bilibili.com/video/BV1Jp4y147ht?from=search
影视剪辑,【觉醒年代】【刘师培|台词向|0624生贺】九万字|常言说命运半点不由人,1.1万,25,2021-06-24,凌皓宸,www.bilibili.com/video/BV1D64y1t7BL?from=search
影视剪辑,【觉醒年代】台湾版主题曲《云破天开》武侠燃向MV：民国英雄出少年，风姿焕发扫狼烟。,2.2万,10,2021-06-27,龙门飞甲IMAX3D,www.bilibili.com/video/BV1L54y1H7m9?from=search
影视剪辑,【觉醒年代】狱警:我鼓掌没人看见吧？我看见了(｢･ω･)｢,4.8万,8,2021-05-24,古城小道い,www.bilibili.com/video/BV1o44y1r79K?from=search
综艺,2021北京台春晚 《觉醒年代》剧组来拜年了，带来的诗朗诵热血澎湃，发人深省！,14.3万,170,2021-02-12,北京台春晚,www.bilibili.com/video/BV1Lz4y127hj?from=search
鬼畜调教,【觉醒年代】申叔先生想要退群,5.7万,15,2021-05-19,欧文丽贝卡,www.bilibili.com/video/BV1ao4y1m7N2?from=search
影视剪辑,【觉醒年代】世人皆知陈独秀，不知两子皆是人间龙,6.4万,15,2021-05-03,星星不加糖也很甜,www.bilibili.com/video/BV1C5411g7m7?from=search
影视剪辑,【觉醒年代 | 陈延年 | 张晚意】很喜欢延年出院的这段 延年笑起来真的很好看呀,4.3万,3,2021-05-29,温温布利,www.bilibili.com/video/BV1EA4113729?from=search
影视剪辑,【觉醒年代】鲁 迅 先 生 个 人 向。【加长版】,1.7万,30,2021-06-03,清茶良人,www.bilibili.com/video/BV1ew411Z7iU?from=search
影视剪辑,【觉醒年代|刘师培个人向】《再回眸》─不期而遇的人 误了红尘  敢问申叔可有缘,2.8万,44,2021-06-01,一封情书TEL,www.bilibili.com/video/BV1Af4y1a7FF?from=search
影视剪辑,【觉醒年代｜赵世炎】中学生赵世炎一袭黑色中山装在人群中总是这么耀眼｜林俊毅,1.6万,131,2021-06-15,小满日和u,www.bilibili.com/video/BV1oh411a7v6?from=search
影视剪辑,【觉醒年代|刘师培个人向】《再回眸》─不期而遇的人 误了红尘  敢问申叔可有缘,2.8万,44,2021-06-01,一封情书TEL,www.bilibili.com/video/BV1Af4y1a7FF?from=search
影视剪辑,【觉醒年代｜赵世炎】中学生赵世炎一袭黑色中山装在人群中总是这么耀眼｜林俊毅,1.6万,131,2021-06-15,小满日和u,www.bilibili.com/video/BV1oh411a7v6?from=search
日常,觉醒年代编剧龙平平白玉兰颁奖典礼发表感想,2.9万,91,2021-06-11,妮妮是小妞,www.bilibili.com/video/BV1hg411G7i9?from=search
校园学习,【30天经济学人精读计划】Day71 | 求求《觉醒年代》多给女性一些镜头吧！英专学姐逐句精讲+单词+语法+分享,1.7万,121,2021-06-23,栗之from一直夫妇,www.bilibili.com/video/BV1f54y1H7Zk?from=search
影视剪辑,【觉醒年代】北京十四位校长齐聚警察厅，向警察厅要学生,9.5万,32,2021-04-09,彬-彬-彬,www.bilibili.com/video/BV1QB4y1w7dR?from=search
影视剪辑,《觉醒年代》辜鸿铭举证驳斥英国谈判团,11.7万,616,2021-03-12,__-我妻善逸-__,www.bilibili.com/video/BV1gp4y1h715?from=search
影视剪辑,我的整个青春都献给了我的祖国，也背叛了我最爱的那个人。【伪恋爱|陈延年×柳眉|张晚意×周也】｜觉醒年代｜我们的西南联大,7.8万,26,2021-04-22,啵妹9785,www.bilibili.com/video/BV16o4y1f7pW?from=search
影视剪辑,《觉醒年代》送别陈独秀。文人风骨，君子和而不同。,5.5万,47,2021-05-05,嘉嘉最有爱了,www.bilibili.com/video/BV1NA411574o?from=search
影视剪辑,盘点觉醒年代细节，第一集里的讽刺隐喻,6442,0,2021-07-08,保温杯里记得泡枸杞吖,www.bilibili.com/video/BV11f4y1L7wJ?from=search
预告 资讯,【觉醒年代】这段笑死我了仲甫是在开车吗,8.0万,31,2021-04-20,触不到的云端,www.bilibili.com/video/BV1zp4y1t7nV?from=search
影视剪辑,“他是个偷心盗”国学带师是美人【孽海记/申叔/刘师培个人/觉醒年代】,3.4万,92,2021-05-23,-时闻折竹声-,www.bilibili.com/video/BV1164y1d7Nd?from=search
影视剪辑,【觉醒年代】少年梳起背头，就成了大人模样,5.4万,8,2021-04-27,詹不鹿,www.bilibili.com/video/BV1iA411V7s6?from=search
影视剪辑,《觉醒年代》——陈延年陈乔年两兄弟 剧情合辑（1）,4.4万,271,2021-05-15,澀林中,www.bilibili.com/video/BV11541137Bd?from=search
明星,绝了！《觉醒年代》中鲁迅字迹都是演员曹磊自己写的,3.0万,7,2021-06-12,恋上那阿衍aa,www.bilibili.com/video/BV1Hh411a7b2?from=search
影视剪辑,觉醒年代的隐喻每一个都引人深思,1.5万,2,2021-06-13,诺米电视精彩片段,www.bilibili.com/video/BV1W54y1G7KW?from=search
影视剪辑,【觉醒年代】延年私下“幽会”张丰载，被世炎哥哥带人抓包啦，乐死我了，乔年你淡定点,7.7万,129,2021-04-24,关耳俏,www.bilibili.com/video/BV1EA411V76G?from=search
影视剪辑,【觉醒年代】 第一次看的时候还没怎么注意“守常还记得我”这句话的意思 大钊先生真的好细节！,2.8万,0,2021-06-05,哭唧唧的小疯狗,www.bilibili.com/video/BV1P64y1R7QT?from=search
影视剪辑,【觉醒年代】正剧演员连声音都这么迷人！,2.0万,4,2021-06-18,Mint来咧,www.bilibili.com/video/BV1D54y1G7Qe?from=search
影视剪辑,【觉醒年代｜邓中夏】是夏日骄阳般耀眼的人啊｜爱若执炬迎风 炽烈而哀恸,2.6万,31,2021-05-29,摘星圣手乔西西,www.bilibili.com/video/BV1QQ4y1R7G9?from=search
影视剪辑,【觉醒年代 | 陈延年*陈乔年】所有人都会老去，而他们永远年轻 | 少年中国说,4.6万,40,2021-04-29,-不恰柠檬-,www.bilibili.com/video/BV1gN411f7B7?from=search
社会,最近很火的《觉醒年代》大家都看了吗？,3.4万,19,2021-05-15,中视央广传媒,www.bilibili.com/video/BV1co4y1m77M?from=search
影视剪辑,【觉醒年代】延年这哥当的，亲爹都没他做的好，两兄弟始终并肩而立，从成长到牺牲，延年永远护着他弟，乔年永远跟着他哥，太好哭了，还都是孩子啊,10.7万,68,2021-03-23,关耳俏,www.bilibili.com/video/BV15y4y1h74t?from=search
人文历史,【觉醒年代】——每一个向死而生的人 ，都曾灿烂的活着。,5427,2,2021-06-28,织故亭工作室,www.bilibili.com/video/BV1B64y197ha?from=search
影视剪辑,説書人|觉醒年代|不需要二倍速且引人深思的良心剧,6.1万,241,2021-03-03,九壶不糊,www.bilibili.com/video/BV1sy4y177Xg?from=search
影视剪辑,【觉醒年代/光的方向】我们从来都知道他们的伟大，却也一直低估了他们的伟大,1.5万,23,2021-06-13,四十米大长刀,www.bilibili.com/video/BV1xb4y1d7Vh?from=search
影视剪辑,【觉醒年代/张晚意】戏好人好，从十堰走出来的演员张晚意,2.3万,92,2021-06-18,张晚意输出机,www.bilibili.com/video/BV16B4y1M7DY?from=search
影视杂谈,喜欢《觉醒年代》的年轻人们，到底喜欢的是什么？,3.2万,63,2021-06-09,四味毒叔官方,www.bilibili.com/video/BV17q4y177Vu?from=search
影视剪辑,【觉醒年代 | 主青年群像 | 踩点燃向】无名之辈,6990,14,2021-06-29,-XGCT-,www.bilibili.com/video/BV1gw411Z745?from=search
明星,《觉醒年代》竟然是他的第一部作品！以前的角色都是打酱油！,5280,1,2021-07-09,Vier三水宫草,www.bilibili.com/video/BV1Ay4y1T7cS?from=search
影视剪辑,【吴亦凡】20XX厂牌新歌 翱翔x觉醒年代,1.6万,194,2021-05-28,编导小菊,www.bilibili.com/video/BV1N44y1k7x6?from=search
热点,高校神还原《觉醒年代》,5.1万,35,2021-04-26,光明日报,www.bilibili.com/video/BV1cU4y187Ms?from=search
影视剪辑,他们的落幕只为中华之崛起觉醒年代yyds,1.6万,2,2021-06-07,影料妹,www.bilibili.com/video/BV1Hy4y137Za?from=search
热点,看哭了！泪目混剪二度演绎觉醒年代,4238,1,2021-07-04,新华社快看,www.bilibili.com/video/BV18K4y1g7UX?from=search
明星,觉醒年代群像 | “他们来了这世间，为我们带来了光”,2.6万,40,2021-06-01,猫二不二_DMC,www.bilibili.com/video/BV18Q4y1d74H?from=search
影视剪辑,【觉醒年代||刘师培】是风动• 在B站偶然看到了申叔的美貌，瞬间为之心动，这才去看了觉醒年代,3.6万,89,2021-05-12,lvseshalou,www.bilibili.com/video/BV1YK4y1A7NZ?from=search
影视剪辑,（觉醒年代）“那个意气风发的少年一夜白了头”,6.2万,10,2021-05-04,凉遇初现,www.bilibili.com/video/BV1db4y1Z7E8?from=search
影视剪辑,【觉醒年代丨少年中国说】延乔路的尽头，是繁华大道,1.1万,5,2021-06-26,奶盖剪辑,www.bilibili.com/video/BV1y64y1r7KF?from=search
影视剪辑,让我们一起走进这欢乐场｜觉醒年代欢乐向｜中夏与小伙伴的欢乐日常｜谁还不是个小可爱｜邓中夏少年意气的一面,2.0万,37,2021-06-15,张小欧oooo,www.bilibili.com/video/BV1iq4y1L7PE?from=search
影视剪辑,【觉醒年代】父慈子孝系列（一）,3927,0,2021-07-07,来点儿综艺,www.bilibili.com/video/BV1hL411W7mN?from=search
预告 资讯,《觉醒年代》陈延年扮演者张晚意《星推荐》cut,7.5万,107,2021-04-05,iscupnoodle,www.bilibili.com/video/BV11y4y1t7Ye?from=search
影视剪辑,【觉醒年代yyds】仲甫先生这两段哭戏绝了，全剧最佳,4.4万,63,2021-05-22,河里刀,www.bilibili.com/video/BV1ZK4y197Y5?from=search
影视剪辑,【觉醒年代】守常说着说着就哽咽了，我看着看着就哭了……属于大钊先生的特殊时期的爱情。,5.7万,50,2021-04-28,小乔治巴顿将军,www.bilibili.com/video/BV1mA411V7rJ?from=search
日常,这根笔是多少人小时候的神！反正我先爱了/晨光gp-1008yyds/觉醒年代文案摘抄声控/治愈系写字音,1.6万,10,2021-06-20,_邓长安_,www.bilibili.com/video/BV1sv411W7Su?from=search
人文历史,盘点《觉醒年代》中令人惊艳的句子｜峥嵘岁月之光辉，吾辈当铭记！,1530,0,2021-07-11,梦寻箫月,www.bilibili.com/video/BV18V411W7Qm?from=search
影视剪辑,【觉醒年代‖陈延年×柳眉燃向剪辑【天下】主陈延年视角，含今生联动】，只为她袖手天下……,3.0万,53,2021-05-21,微风知晚意,www.bilibili.com/video/BV18y4y1g7Vm?from=search
影视剪辑,觉醒年代之后 为国捐躯的英烈们,2.4万,17,2021-06-20,斥侯2017,www.bilibili.com/video/BV1QK4y1u7Vr?from=search
明星,【花絮】觉醒年代人物特辑张桐饰演李大钊，15分钟的超长台词量，人与角色合二为一，彼此成就。,4.8万,36,2021-05-20,恋上那阿衍aa,www.bilibili.com/video/BV1oK4y1A78S?from=search
影视杂谈,【快评04】陈独秀的4任妻子7位儿女（觉醒年代）,12.3万,375,2021-02-20,一如应,www.bilibili.com/video/BV11X4y1G7Hs?from=search
综艺,白玉兰颁奖典礼：最佳编剧(原创)  《觉醒年代》龙平平；最佳编剧(改编) 《装台》马晓勇,3.0万,262,2021-06-11,开心九姨太,www.bilibili.com/video/BV1G64y1r75V?from=search
影视剪辑,【觉醒年代】蔡公就是一个小可爱！,4.8万,46,2021-05-21,金兰小富贵儿,www.bilibili.com/video/BV1Vq4y1E7PS?from=search
影视剪辑,觉醒年代：《狂人日记》——从周树人到鲁迅的全流程（电视剧版呈现）,12.6万,184,2021-02-17,申非,www.bilibili.com/video/BV19r4y1P7q7?from=search
影视剪辑,【觉醒年代】为什么要以这种残忍的方式结束掉他的一生,1.5万,17,2021-06-06,海の那边是什么,www.bilibili.com/video/BV1iK4y1X7D6?from=search
影视剪辑,【觉醒年代】少年群像| 我拈来一缕春风春风也沉醉，折柳叶轻吹望你却皱着眉,2.8万,67,2021-05-23,最爱俊俊小天使,www.bilibili.com/video/BV1jN411Z75J?from=search
人文历史,【觉醒年代 | 台词】“生逢乱世，即使命运如蝼蚁，但仍有人心向光明！”,1.0万,5,2021-06-20,文字铺,www.bilibili.com/video/BV1ro4y1y7Aa?from=search
影视剪辑,【觉醒年代】光的方向|寻着光的方向，寻找前进的方向,1732,17,2021-07-12,咸鱼阿柒-,www.bilibili.com/video/BV1QX4y1w7WD?from=search
热点,学习中共党史 安利《觉醒年代》 北大港生这样表达爱国情！,3.3万,53,2021-06-02,點新聞,www.bilibili.com/video/BV1SU4y1V7CF?from=search
预告 资讯,你不知道的【觉醒年代】张晚意，看哭观众的回眸一笑！,3608,1,2021-07-11,能说会道的丫头片子,www.bilibili.com/video/BV1j54y1n7Ke?from=search
影视剪辑,【加长版】美食推荐节目《觉醒年代》 | 踩点向 | Believer   又称舌尖上的民国,2.5万,127,2021-05-26,唐禾啜了口茶,www.bilibili.com/video/BV1AA41137oq?from=search
影视剪辑,觉醒年代｜欢乐向｜钱玄同｜您的一丝不挂·钱·掀屋宗师·玄同来了,1.5万,10,2021-06-20,张小欧oooo,www.bilibili.com/video/BV1my4y1u77W?from=search
影视剪辑,【名场面合集】觉醒年代,7.5万,291,2021-03-28,谷底凡人,www.bilibili.com/video/BV1354y1h7xd?from=search
影视剪辑,【觉醒年代】陈独秀李大钊第一次在日本早稻田大学见面，独秀逃跑都不舍丢弃筷子，哈哈哈哈，干饭人。,6.5万,29,2021-04-30,金兰小富贵儿,www.bilibili.com/video/BV1tZ4y1F7Ji?from=search
影视剪辑,【纪录片】主创谈觉醒年代,8.4万,500,2021-03-01,电视剧觉醒年代,www.bilibili.com/video/BV1iy4y177oe?from=search
影视剪辑,觉醒年代|赵世炎个人|少年 归来星光陨夜,5.2万,54,2021-04-14,咕咕LeFeu,www.bilibili.com/video/BV1z54y1b7Qu?from=search
预告 资讯,李星文vs张永新|《觉醒年代》里，你不知道的那些隐喻,9516,30,2021-06-30,四味毒叔官方,www.bilibili.com/video/BV1fo4y1Q7Sg?from=search
影视剪辑,【觉醒年代】那些年可爱又暴躁的大师们,2.4万,20,2021-06-11,凌晨之鬼,www.bilibili.com/video/BV1FB4y1M7p3?from=search
影视剪辑,“至于看桃花的名所，是龙华，也有屠场” | 觉醒年代,3.4万,41,2021-05-02,酒神杯子,www.bilibili.com/video/BV1uq4y1J7vn?from=search
影视剪辑,【觉醒年代 | 许德珩】恭喜你发现许德珩先生！！,2.4万,31,2021-05-27,崔金李,www.bilibili.com/video/BV1XU4y1L7gM?from=search
综合,专访《觉醒年代》导演张永新：“觉醒”不光是知识分子的，更是全民族的,9435,37,2021-06-26,侠客岛,www.bilibili.com/video/BV1AM4y1g78w?from=search
影视剪辑,[觉醒年代复古组]侃子哥怎么还没被踢出群聊?,7658,2,2021-07-03,胖胖一只鹅,www.bilibili.com/video/BV1RM4y1T71Y?from=search
影视剪辑,觉醒年代:小乔年真的太可爱了！,3.1万,5,2021-05-30,Bubble小鱼儿,www.bilibili.com/video/BV1dK4y1G7qC?from=search
明星,【20210531觉醒年代梦幻联动】～查导直播，现场连麦！现代装的他们太欢乐了！,3.0万,318,2021-05-31,林俊毅-Jonny宣传安利菌,www.bilibili.com/video/BV1s64y1k78Y?from=search
综合,《觉醒年代》陈延年：他把倔强保留到生命的最后一刻——【永远年轻的人】,1.8万,149,2021-06-18,侠客岛,www.bilibili.com/video/BV1eg411g7YT?from=search
影视剪辑,【觉醒年代】李大钊一家子的温暖日常,5.7万,82,2021-05-04,金兰小富贵儿,www.bilibili.com/video/BV1wU4y1t7dX?from=search
影视剪辑,【觉醒年代】郭心刚✖️白兰 他还是没能带心爱的姑娘去栈桥,5.1万,52,2021-04-29,EM小小飒,www.bilibili.com/video/BV1u84y1c762?from=search
影视剪辑,没有人不爱赵世炎——【觉醒年代‖赵世炎‖林俊毅‖少年中国说】人生一世有炎凉，晨要担当，暮要担当！那个眼里有光的少年啊！,2.0万,67,2021-05-31,彼岸荼蘼_,www.bilibili.com/video/BV1sU4y1L7eH?from=search
影视杂谈,[技术流] 用岭学打开【觉醒年代】 我又悟了！,4.3万,633,2021-04-23,diskdreamer,www.bilibili.com/video/BV1BK4y1o7qG?from=search
影视剪辑,〖觉醒年代群像｜混剪〗如 果 他 们 不 曾 相 遇,2.1万,41,2021-05-04,林深风起,www.bilibili.com/video/BV1rh411m7Gu?from=search
影视剪辑,【觉醒年代】五四烈士郭心刚去世，时代的青年，伟大的英雄,7.3万,46,2021-04-10,彬-彬-彬,www.bilibili.com/video/BV1rX4y1g7cq?from=search
影视剪辑,乔年真是一个小可爱呀【觉醒年代】第一次见面就问饿不饿？,6.0万,32,2021-04-23,Alice环环,www.bilibili.com/video/BV1D54y1L7vq?from=search
影视剪辑,【觉醒年代｜赵世炎】“你是爱晚亭边红叶，化作的千古诗篇”,2.3万,29,2021-05-19,好滴西柚,www.bilibili.com/video/BV1T84y1F7UF?from=search
影视剪辑,【觉醒年代｜欢乐向】你怎么也这么世俗？！,5.8万,232,2021-04-14,卿酒酒汐浠,www.bilibili.com/video/BV1Sh411U72x?from=search
影视杂谈,【建党百年】“觉醒年代”铸就了我们现在的幸福生活,6323,60,2021-07-01,我叫小阿云,www.bilibili.com/video/BV1eg411u75h?from=search
影视剪辑,【觉醒年代丨刘师培】热爱105度的申叔,1.2万,20,2021-06-20,是沙雕的小星吖,www.bilibili.com/video/BV1Ff4y1h7Co?from=search
音乐综合,我们的国家我们不爱谁爱！今日盛世，勿忘觉醒年代中的信仰与抉择,9433,5,2021-07-02,正义网,www.bilibili.com/video/BV14K4y1g7kN?from=search
影视剪辑,【觉醒年代】像不像你家的傻弟弟？,1901,3,2021-07-13,能说会道的丫头片子,www.bilibili.com/video/BV1eo4y1X7Zw?from=search
综艺,白玉兰红毯：《觉醒年代》剧组主创现身,2.3万,15,2021-06-10,大娱前线追踪,www.bilibili.com/video/BV1oq4y157dQ?from=search
影视剪辑,【觉醒年代】一笑悬命/这段越剪越欢乐哈哈哈,2.3万,4,2021-05-26,小白雾1229,www.bilibili.com/video/BV19b4y1o7S3?from=search
影视剪辑,【觉醒年代】陈独秀你也有今天！终于被我蔡孑民逮着机会了,6.4万,44,2021-04-14,Chanchanman的小可爱,www.bilibili.com/video/BV1tK411F7cb?from=search
影视剪辑,【觉醒年代||郭心刚x白兰】“关于他，我有太多的勇气”,1439,0,2021-07-13,IamJing-,www.bilibili.com/video/BV1wb4y1C7TX?from=search
影视剪辑,【觉醒年代||刘师培】小城烟雨时/好听的曲风，总会不自觉代入刘申叔,2.1万,54,2021-05-27,lvseshalou,www.bilibili.com/video/BV1aB4y1u76G?from=search
影视剪辑,【觉醒年代】世外仙姝病美人 刘师培 一个活跃在各种MV中的国学教授 乐坛推广人 申叔,3.6万,55,2021-05-20,muse-v,www.bilibili.com/video/BV1Yo4y1m7H9?from=search
人文历史,赵世炎《觉醒年代》：他26岁被敌人乱刀砍死，儿子13岁才知道他是谁,772,0,2021-07-15,啦啦啦的能量,www.bilibili.com/video/BV1664y147bv?from=search
影视剪辑,跟着【觉醒年代】回忆童年！！！（欢乐向）,1.0万,23,2021-06-24,追星的颓废青年,www.bilibili.com/video/BV1uK4y1g7AG?from=search
影视剪辑,【觉醒年代丨刘师培】但我始终没有忘记自己是个中国人,7512,3,2021-07-02,二创君,www.bilibili.com/video/BV1bB4y1T7Pm?from=search
影视剪辑,【觉醒年代｜食物向混剪】人间烟火,3.4万,65,2021-04-21,酱汁辣,www.bilibili.com/video/BV1dK411F78E?from=search
影视杂谈,【快评22】辜鸿铭·孤鸿鸣：华夏温良今犹存（觉醒年代）,5.9万,479,2021-03-18,一如应,www.bilibili.com/video/BV1q5411P7XU?from=search
影视剪辑,【觉醒年代】李大钊X赵纫兰cut,1.4万,31,2021-06-22,MuMu警官,www.bilibili.com/video/BV1uf4y1b7Dh?from=search
影视剪辑,觉醒年代  43-04陈延年决定与无政府主义思想决裂,7.5万,12,2021-04-08,就是个发素材的,www.bilibili.com/video/BV16y4y1b75Q?from=search
影视剪辑,【觉醒年代】搞笑篇：蔡校长天天调解纠纷,4.3万,9,2021-05-22,金兰小富贵儿,www.bilibili.com/video/BV1VU4y1b7rM?from=search
影视剪辑,我辜鸿铭是属于不合格的庸才吗？【觉醒年代】,5095,95,2021-07-08,一只老林,www.bilibili.com/video/BV1hf4y1L7sn?from=search
影视剪辑,【觉醒年代‖陈延年(张晚意）可爱图鉴～,2.7万,48,2021-06-01,微风知晚意,www.bilibili.com/video/BV1A64y1R7cw?from=search
影视剪辑,【觉醒年代】他们生于青春，死于青春｜陈延年 陈乔年 赵世炎 郭心刚 邓中夏,8157,20,2021-06-26,雾里桃林,www.bilibili.com/video/BV1S64y1t7Cj?from=search
影视剪辑,【觉醒年代】文人骂架谁家强？请来这里看花样！,1405,3,2021-07-13,熊的果和果,www.bilibili.com/video/BV1664y1z7c9?from=search
影视剪辑,【觉醒年代】历史倒流，张勋复辟，携辫子军北上，拥护溥仪再次复位。,5.1万,29,2021-05-10,小邦爱阿刁,www.bilibili.com/video/BV1o64y127wS?from=search
影视剪辑,别人都有故里逢春于和伟老师马上安排!【觉醒年代‖陈独秀（于和伟）个人向故里逢春……微卡点摸鱼调色（两个色调）练习】,6472,36,2021-06-28,微风知晚意,www.bilibili.com/video/BV18y4y1M7rF?from=search
影视剪辑,【觉醒年代｜陈乔年】“我仰望你看过的星空，穿过百年时空再相逢”,1.4万,13,2021-06-06,限量发行小甜饼,www.bilibili.com/video/BV1QU4y1V7Lk?from=search
影视剪辑,【觉醒年代】蔡元培校长的第一粉丝：辜鸿铭老头儿,7.1万,54,2021-04-10,彬-彬-彬,www.bilibili.com/video/BV1pU4y1h7K7?from=search
影视剪辑,【觉醒年代续集|伪】李大钊同志就义|其女李星华《十六年前的回忆》,1.2万,4,2021-06-30,古城小道い,www.bilibili.com/video/BV1Zv411H7FJ?from=search
喵星人,每天都要踩奶的猫咪你有啵？周末在家撸猫，看《觉醒年代》的快乐你懂吗？,1.1万,21,2021-06-25,真的柚子大王,www.bilibili.com/video/BV16f4y1t783?from=search
影视剪辑,【觉醒年代 | 守常世炎】对于世炎来说，守常先生是光一样的存在吧！！,3.0万,17,2021-05-14,崔金李,www.bilibili.com/video/BV1Yq4y177T1?from=search
影视剪辑,觉醒年代 | 鲁迅 | 这历史没有年代，满本都写着两个字是 吃人,4.9万,38,2021-03-28,一点月色,www.bilibili.com/video/BV1fX4y137yh?from=search
综合,出门吃螺蛳粉，竟然路遇这么多《觉醒年代》里的真实旧址！北大红楼、《新青年》编辑部……,1695,5,2021-07-12,新华网,www.bilibili.com/video/BV1s64y1z7wZ?from=search
影视剪辑,【觉醒年代】老哥三的爱国心,5.3万,119,2021-04-30,来自意大利的李云龙,www.bilibili.com/video/BV1CQ4y1Z7Pd?from=search
预告 资讯,【1080P直播】20210319《觉醒年代》剧组采访,6.7万,1146,2021-03-20,别关注我阿,www.bilibili.com/video/BV1QB4y1A7y2?from=search
影视剪辑,《觉醒年代》能与你在这盛世相见，真好,5336,2,2021-06-25,可乐满杯,www.bilibili.com/video/BV1AX4y1P71G?from=search
影视杂谈,【配音】【觉醒年代 | 女性群像 | 台词向】她们,3.5万,3,2021-05-24,冰不令,www.bilibili.com/video/BV1TQ4y1d7UG?from=search
影视剪辑,顾维钧无声痛哭的镜头，太扎心！【觉醒年代】巴黎和会弱国无外交,6.0万,43,2021-04-23,Alice环环,www.bilibili.com/video/BV1fy4y1W7Wi?from=search
综艺,觉醒年代（查文浩/林俊毅/夏德俊 ）花漾剧客厅  20210619,1.5万,101,2021-06-20,由之今道,www.bilibili.com/video/BV1A5411T71p?from=search
影视剪辑,【觉醒年代 | 刘师培】伯虎说 | 北大林黛玉 | 不见对弈人，落子定乾坤,1.2万,10,2021-06-18,相当可爱啊,www.bilibili.com/video/BV1Uy4y1u7qj?from=search
影视剪辑,觉醒年代：辫子军雄赳入北京，张少轩滑稽史留名,9.4万,142,2021-03-12,东方既白2049,www.bilibili.com/video/BV1Ry4y177A8?from=search
预告 资讯,【觉醒年代】是戏吗？不，是历史的呈现。,5.5万,48,2021-04-15,深眸眼绿484,www.bilibili.com/video/BV1FB4y1A7xC?from=search
影视杂谈,《觉醒年代》人物细节——人物的谢幕,1041,2,2021-07-14,胡德一__,www.bilibili.com/video/BV14M4y1K7nv?from=search
影视剪辑,【觉醒年代|陈延年】你满身烟火走来，走向那终将是光明的道路||纪念五四，献礼百年||故里逢春||张晚意,3.2万,27,2021-05-04,埃里克斯的安妮,www.bilibili.com/video/BV16q4y1J7NA?from=search
日常,【专科生的vlog】图书馆学习日常｜锻炼｜煎饼果子｜每天都在取包裹的路上｜觉醒年代｜普通又充实的校园生活,1.2万,73,2021-06-24,乐意杂记,www.bilibili.com/video/BV1V64y197wG?from=search
影视剪辑,觉醒年代-陈独秀胡适正式决裂,3.0万,0,2021-06-05,娜娜酱的放映室,www.bilibili.com/video/BV1eU4y1V7wo?from=search
明星,【20210626《觉醒年代》与《革命者》梦幻联动】觉醒F4献唱“新青年版”推广曲《青春》MV,7692,28,2021-06-26,林俊毅-Jonny宣传安利菌,www.bilibili.com/video/BV1254y1H7Dm?from=search
影视剪辑,【觉醒年代】手写合札/绝美台词/超燃混剪/“为了民族再造复兴，我愿奋斗终生”,121,5,2021-07-15,遥城,www.bilibili.com/video/BV1Ff4y1j7ZD?from=search
影视剪辑,热 血 未 凉 苍 生 为 念 ， 正 青 春【觉醒年代】,3792,2,2021-06-26,-池枣枣-,www.bilibili.com/video/BV1Kv411H7MZ?from=search
影视剪辑,【觉醒年代】【赵世炎】如果有平行时空，他会是惊艳你我岁月的人吧,2.3万,17,2021-05-25,I一只小透明,www.bilibili.com/video/BV1mQ4y1R7pg?from=search
影视剪辑,【觉醒年代】周恩来邓颖超来了！,4.3万,5,2021-05-11,金兰小富贵儿,www.bilibili.com/video/BV1wK4y1o7Ss?from=search
影视剪辑,▷ 觉醒年代 · 他面对生死都是笑着，唯独与她告别掉了泪。◇ 伪·陈延年 x 柳眉 ◇ 张晚意 x 周也,2.4万,144,2021-05-31,漫漫何其难,www.bilibili.com/video/BV1KK4y137nt?from=search
日常,【清明vlog】《觉醒年代》中牺牲的陈延年陈乔年的墓在哪里？清明瞻仰龙华烈士陵园vlog,3.7万,74,2021-04-09,胭脂刀小姐姐,www.bilibili.com/video/BV1tK4y1K7hx?from=search
影视剪辑,【觉醒年代】教你如何做一个合格的新闻人,1.7万,5,2021-05-22,青春山东,www.bilibili.com/video/BV1ZA411G7c3?from=search
影视剪辑,【觉醒年代】狂士季刚  黄侃个人向,4.6万,32,2021-05-01,莲サン,www.bilibili.com/video/BV1Pq4y1J7aV?from=search
校园学习,献礼剧！觉醒年代！「极简·影视产业热点004」,2189,54,2021-07-07,一颗糖学长,www.bilibili.com/video/BV1Bv411J7jy?from=search
手工,《觉醒年代》｜手写声控｜《青春》｜白噪音｜助眠解压｜笔触音,1.2万,7,2021-06-22,甜IAN7,www.bilibili.com/video/BV1Gv411H7ko?from=search
短片,【觉醒年代】”我愿意为了这个国家和民众而献身”,1.3万,2,2021-06-19,-派大星__,www.bilibili.com/video/BV1y5411K7aH?from=search
影视杂谈,【觉醒年代】陈学长故意吓醒蔡校长 这情节太可爱了,5.4万,17,2021-04-21,Chanchanman的小可爱,www.bilibili.com/video/BV13B4y1c7gD?from=search
影视杂谈,【快评43】一战：帝国牲口难看的吃相（觉醒年代）,3505,123,2021-07-01,一如应,www.bilibili.com/video/BV15h411h7mK?from=search
影视剪辑,【觉醒年代‖陈延年(张晚意）×柳眉(张思乐——待我长发及腰】他笑着赴死却在和她告别的时候落泪了，……(含彩蛋演员张晚意对这段感情线的解读),2.5万,28,2021-05-30,微风知晚意,www.bilibili.com/video/BV1Kb4y1Z7R9?from=search
影视剪辑,【觉醒年代｜群像*台词向｜爱晚亭边】“今天的美好生活，就是觉醒年代最好的续集”,7127,24,2021-06-18,好滴西柚,www.bilibili.com/video/BV1vB4y1M7Wy?from=search
影视剪辑,【安利/觉醒年代】觉醒年代的演员什么都能演,1.5万,143,2021-06-17,Planet_XDkkk,www.bilibili.com/video/BV1sf4y1873m?from=search
日常,【觉醒年代×赐我｜姜云升】“赐我信念纵身逝亦不曾被抹去，背负先辈使命愿意此生化为火炬。”凯尔特,7290,6,2021-06-28,来个两碗,www.bilibili.com/video/BV1ng41137ZD?from=search
影视剪辑,先生就是这样写下狂人日记的，之前不懂到底说的什么，直到看了觉醒年代，一切都明白了,2.3万,1,2021-05-29,Mary不在家,www.bilibili.com/video/BV1H5411g7LG?from=search
影视剪辑,在觉醒里没有交代的，这里都交代了，不论孙先生还是孑民先生，都很像啊。【觉醒年代】,2.5万,4,2021-06-08,每人一条小鱼干,www.bilibili.com/video/BV1Pw411f7Ex?from=search
影视剪辑,【觉醒年代｜李大钊&赵纫兰】我们俩感情很好，就是镜头太少！,1438,2,2021-07-14,懒萌醇,www.bilibili.com/video/BV1eh411677X?from=search
影视剪辑,【觉醒年代丨刘师培】一次性给美人用完所有bgm是什么体验（doge）,1.4万,29,2021-06-14,是沙雕的小星吖,www.bilibili.com/video/BV15V411473K?from=search
影视杂谈,【快评42】文人政客蔡元培：当下棋者走入棋盘（觉醒年代）,4746,139,2021-06-25,一如应,www.bilibili.com/video/BV19o4y1k7CF?from=search
日常,【夕颜】觉醒年代语录摘抄🇨🇳   写字声控   扩音500%,4024,6,2021-07-08,末藍星星,www.bilibili.com/video/BV1Qv411J7fs?from=search
影视剪辑,【觉醒年代】先生我好像看见你了 从书里走进了我们心里,2462,6,2021-07-10,虚渡终归林,www.bilibili.com/video/BV1h54y1n7mS?from=search
影视剪辑,辜鸿铭，你这个糟老头子倔的很|觉醒年代,7.1万,231,2021-03-24,不易明,www.bilibili.com/video/BV1Pb4y1X75P?from=search
影视剪辑,&quot;我只是陈先生的唯粉头头罢了~&quot;[觉醒年代|欢乐向]钱玄同与陈独秀知己之交。。。,1.5万,33,2021-06-09,Alice环环,www.bilibili.com/video/BV15V41147Vh?from=search
影视剪辑,【觉醒年代】 爆笑如雷了家人们 我怀疑于老师演的喜剧,2.6万,2,2021-06-05,哭唧唧的小疯狗,www.bilibili.com/video/BV1664y1k7mQ?from=search
环球,《觉醒年代》香港展播，梁振英：有必要回顾和铭记历史,2070,0,2021-07-13,凤凰卫视,www.bilibili.com/video/BV1WK4y1u78A?from=search
影视剪辑,【觉醒年代】北大校花刘师培，火力全开刘怼怼。你对校花的魅力，一无所知,1.1万,0,2021-06-20,饭之律者的崛起,www.bilibili.com/video/BV1t64y1r79T?from=search
影视杂谈,【快评01】我好后悔戳开了这部剧！（觉醒年代）,6.7万,425,2021-02-16,一如应,www.bilibili.com/video/BV1p54y1Y7yv?from=search
影视剪辑,[觉醒年代|刘师培]游山恋·美人回眸镜头,1537,1,2021-07-11,柳云浮,www.bilibili.com/video/BV1yy4y1K7Ci?from=search
影视剪辑,【觉醒年代/陈延年】少年中国说｜以己之寿 延国之年｜倘若天下安乐，我等愿渔樵耕读，江湖浪迹；倘若盛世将倾，深渊在侧，我辈愿万死以赴。,1.9万,6,2021-05-29,楼夕夕楼,www.bilibili.com/video/BV19y4y1g73c?from=search
影视杂谈,【快评35】邓中夏：问将为何世？共产均贫富！（觉醒年代）,1.6万,377,2021-05-11,一如应,www.bilibili.com/video/BV1R44y167oE?from=search
影视剪辑,【觉醒年代】-汪孟邹：我为这个家付出了太多,887,34,2021-07-14,浮尘微刃,www.bilibili.com/video/BV1zw411d7dz?from=search
影视剪辑,觉醒年代【陈延年×柳眉】爱而不得，有缘无份，从此心头自有朱砂痣一生两望。,7199,75,2021-06-21,不吃LL,www.bilibili.com/video/BV1Nw411o7fW?from=search
影视剪辑,全世界无产阶级联合起来！(国际歌#《觉醒年代》高燃剧情),4.2万,63,2021-05-01,一只随缘up韭,www.bilibili.com/video/BV1H5411w7Xr?from=search
影视剪辑,觉醒年代 鲁迅先生将陈独秀先生和胡适先生进行对比,6341,0,2021-07-05,张兴运,www.bilibili.com/video/BV14y4y1K7CV?from=search
影视剪辑,觉醒年代X重生：“先生，他们爱我。”,1760,1,2021-07-12,追一猫,www.bilibili.com/video/BV1Zv411J7Cm?from=search
明星,【20210520】快乐大巴节目-觉醒年代部分主创朗诵《青春》&与主持人联袂朗诵《可爱的中国》,2.6万,72,2021-05-20,IceHockey940422,www.bilibili.com/video/BV1Sh411v7bB?from=search
影视杂谈,【电影镜头拆解】《觉醒年代》里情绪的营造——中国式父子关系的表达,6407,0,2021-07-05,新片场学院,www.bilibili.com/video/BV1KU4y1V7PM?from=search
影视剪辑,和光同尘——觉醒年代,1.5万,11,2021-06-17,理想三旬是两首歌,www.bilibili.com/video/BV1864y1r7An?from=search
影视剪辑,【觉醒年代】陈独秀对陈延年兄弟父爱，无声而伟大,5.3万,36,2021-04-14,彬-彬-彬,www.bilibili.com/video/BV1L5411c7EF?from=search
影视剪辑,【觉醒年代】x 领风者 | 血液还如当初般滚烫 | 建党百年|高燃混剪,140,1,2021-07-15,黑成这样,www.bilibili.com/video/BV1Wb4y1k7uV?from=search
影视剪辑,【觉醒年代】 貌美 儒雅 永远不会背叛学生的 刘老师 申叔,3.2万,6,2021-05-13,muse-v,www.bilibili.com/video/BV1B64y127fr?from=search
影视剪辑,【错位时空-延年乔年】法兰西岁月与觉醒年代中的陈氏兄弟,6.3万,176,2021-02-27,皖旖,www.bilibili.com/video/BV12Z4y1A7UL?from=search
影视杂谈,【觉醒年代】20210627《觉醒年代》导演张永新、演员曹磊在北京鲁迅博物馆做客侠客岛直播（横屏720P）,8735,32,2021-06-28,且将新火试新茶1219,www.bilibili.com/video/BV1Jg41137mQ?from=search
影视剪辑,【觉醒年代】陈独秀与两个孩子最后的告别。为与敌人周旋，陈延年和陈乔年相继被捕，壮烈牺牲。,3.7万,10,2021-05-14,小邦爱阿刁,www.bilibili.com/video/BV1R54y157P6?from=search
影视剪辑,【觉醒年代‖陈延年×柳眉‖张晚意×张思乐】如果有可能 我也多想未来有你 可是唯一能说的只有对不起,1.8万,14,2021-06-02,慕雪樱洛,www.bilibili.com/video/BV1So4y1C7hW?from=search
明星,【花絮】觉醒年代 人物特辑，朱贺日尧饰胡适。从试妆的细节看导演、摄影等创作者的专心用心。,3.4万,10,2021-05-19,青蛙嘎咕咕咕,www.bilibili.com/video/BV1tA411g7WW?from=search
影视剪辑,【觉醒年代｜陈仲甫｜于和伟】独立高楼风满袖｜孑然一身,1.2万,68,2021-06-02,剪刀手艾德琪,www.bilibili.com/video/BV1Xf4y1b7Xj?from=search
影视剪辑,【觉醒年代陈延年爱情故事原型】◎既已许国 何以许卿！,2.8万,6,2021-05-28,东陵长公主,www.bilibili.com/video/BV16U4y1L7AW?from=search
明星,论《觉醒年代》选角有多绝？每个都像穿越过来的一样！,2.9万,16,2021-05-15,凤凰全娱乐,www.bilibili.com/video/BV1WA411G7gT?from=search
影视剪辑,【觉醒年代】乔年：饿饿，饭饭！,2236,2,2021-07-10,李子维hyxwqs,www.bilibili.com/video/BV1Mw411d7f1?from=search
校园学习,事业单位面试热点：《觉醒年代》火出圈了！,6563,4,2021-07-03,临沂中公教育,www.bilibili.com/video/BV1JV411W7Ue?from=search
